OrderID,Date,CustomerID,Region,Product,Category,Quantity,Price,Revenue,Year,Month,MonthName,YearMonth
11500,2022-11-11,CUST5621,West,Tennis Racket,Sports,3,431.02,1293.06,2022,11,Nov,2022-11
6476,2024-04-29,CUST4635,West,Blender,Home Appliances,3,276.17,828.51,2024,4,Apr,2024-04
13168,2022-10-08,CUST8021,North,Tennis Racket,Sports,4,335.86,1343.44,2022,10,Oct,2022-10
863,2024-06-15,CUST7996,West,Washing Machine,Home Appliances,1,131.12,131.12,2024,6,Jun,2024-06
5971,2022-05-14,CUST7968,North,Refrigerator,Home Appliances,6,421.92,2531.52,2022,5,May,2022-05
6707,2022-03-13,CUST8352,South,Microwave,Home Appliances,6,292.17,1753.02,2022,3,Mar,2022-03
3018,2022-09-13,CUST6032,East,Jeans,Clothing,6,30.6,183.60000000000002,2022,9,Sep,2022-09
3782,2023-11-12,CUST9590,West,Tennis Racket,Sports,6,359.34,2156.04,2023,11,Nov,2023-11
3899,2024-11-25,CUST4724,North,Eggs,Groceries,1,17.93,17.93,2024,11,Nov,2024-11
2251,2023-10-04,CUST1723,East,Refrigerator,Home Appliances,1,719.05,719.05,2023,10,Oct,2023-10
543,2022-04-23,CUST4197,West,Washing Machine,Home Appliances,2,334.64,669.28,2022,4,Apr,2022-04
4352,2023-12-22,CUST2729,East,Air Conditioner,Home Appliances,5,313.16,1565.8000000000002,2023,12,Dec,2023-12
12808,2023-02-15,CUST4873,North,Milk,Groceries,4,19.32,77.28,2023,2,Feb,2023-02
6632,2022-10-20,CUST7539,West,T-Shirt,Clothing,6,48.44,290.64,2022,10,Oct,2022-10
6706,2022-11-05,CUST6980,North,Tablet,Electronics,3,1315.8,3947.3999999999996,2022,11,Nov,2022-11
6979,2024-07-07,CUST5747,East,Tennis Racket,Sports,4,144.18,576.72,2024,7,Jul,2024-07
7400,2023-11-30,CUST7450,North,Gym Equipment,Sports,6,548.12,3288.7200000000003,2023,11,Nov,2023-11
11120,2023-10-07,CUST6323,North,Tablet,Electronics,2,430.27,860.54,2023,10,Oct,2023-10
12666,2024-12-11,CUST5745,East,Eggs,Groceries,6,18.96,113.76,2024,12,Dec,2024-12
5305,2024-11-20,CUST2800,East,Tennis Racket,Sports,3,412.79,1238.3700000000001,2024,11,Nov,2024-11
2313,2023-12-09,CUST1178,East,T-Shirt,Clothing,7,134.86,944.0200000000001,2023,12,Dec,2023-12
7041,2024-09-11,CUST7547,North,Gym Equipment,Sports,1,372.84,372.84,2024,9,Sep,2024-09
1890,2024-10-23,CUST4546,South,Rice,Groceries,4,12.4,49.6,2024,10,Oct,2024-10
8992,2023-07-16,CUST5431,East,Refrigerator,Home Appliances,1,249.57,249.57,2023,7,Jul,2023-07
170,2023-06-10,CUST3599,North,Microwave,Home Appliances,2,75.84,151.68,2023,6,Jun,2023-06
1796,2022-10-24,CUST8890,West,Milk,Groceries,2,14.74,29.48,2022,10,Oct,2022-10
3976,2023-03-21,CUST2619,South,Wheat,Groceries,1,15.94,15.94,2023,3,Mar,2023-03
6821,2022-04-01,CUST4058,North,Dress,Clothing,2,118.73,237.46,2022,4,Apr,2022-04
7827,2024-08-05,CUST2224,West,T-Shirt,Clothing,2,144.55,289.1,2024,8,Aug,2024-08
11810,2024-11-23,CUST2163,West,Laptop,Electronics,6,1070.82,6424.92,2024,11,Nov,2024-11
1040,2023-09-18,CUST9511,South,Headphones,Electronics,7,467.29,3271.03,2023,9,Sep,2023-09
2849,2022-09-18,CUST3573,South,Eggs,Groceries,4,10.61,42.44,2022,9,Sep,2022-09
3372,2024-05-12,CUST5320,North,Football,Sports,6,212.75,1276.5,2024,5,May,2024-05
8830,2023-10-21,CUST5150,South,Blender,Home Appliances,1,633.18,633.18,2023,10,Oct,2023-10
10350,2023-10-22,CUST2419,South,Jacket,Clothing,3,41.47,124.41,2023,10,Oct,2023-10
8798,2023-03-05,CUST5130,West,Blender,Home Appliances,7,407.23,2850.61,2023,3,Mar,2023-03
765,2023-01-16,CUST4637,South,Gym Equipment,Sports,1,585.48,585.48,2023,1,Jan,2023-01
1594,2023-04-23,CUST2919,North,Football,Sports,1,350.5,350.5,2023,4,Apr,2023-04
14233,2022-04-14,CUST2580,South,T-Shirt,Clothing,5,51.75,258.75,2022,4,Apr,2022-04
5873,2024-01-13,CUST6001,South,Smartphone,Electronics,1,180.16,180.16,2024,1,Jan,2024-01
9941,2023-11-12,CUST9297,North,T-Shirt,Clothing,1,89.08,89.08,2023,11,Nov,2023-11
5170,2022-01-07,CUST8210,South,Milk,Groceries,7,16.84,117.88,2022,1,Jan,2022-01
10910,2024-10-11,CUST8143,West,Shoes,Clothing,5,24.94,124.7,2024,10,Oct,2024-10
4123,2024-07-26,CUST6016,West,Wheat,Groceries,4,6.34,25.36,2024,7,Jul,2024-07
12949,2022-04-20,CUST6286,North,Tablet,Electronics,5,801.9,4009.5,2022,4,Apr,2022-04
14483,2023-09-24,CUST2737,South,Rice,Groceries,5,4.38,21.9,2023,9,Sep,2023-09
150,2023-01-06,CUST3708,West,Laptop,Electronics,7,570.45,3993.1500000000005,2023,1,Jan,2023-01
11737,2023-05-10,CUST9920,East,Washing Machine,Home Appliances,7,850.78,5955.46,2023,5,May,2023-05
388,2024-07-12,CUST2529,South,Gym Equipment,Sports,5,439.23,2196.15,2024,7,Jul,2024-07
3947,2022-01-29,CUST9379,South,Football,Sports,5,67.23,336.15000000000003,2022,1,Jan,2022-01
13403,2024-04-17,CUST4447,East,Vegetables,Groceries,3,11.2,33.599999999999994,2024,4,Apr,2024-04
1374,2023-10-19,CUST8743,North,Blender,Home Appliances,5,418.62,2093.1,2023,10,Oct,2023-10
2885,2022-07-17,CUST2686,East,Jeans,Clothing,2,17.47,34.94,2022,7,Jul,2022-07
14043,2022-05-10,CUST3852,East,Rice,Groceries,7,4.37,30.59,2022,5,May,2022-05
11361,2022-05-05,CUST9503,East,Football,Sports,6,552.6,3315.6000000000004,2022,5,May,2022-05
2992,2024-05-12,CUST4348,East,Gym Equipment,Sports,1,32.83,32.83,2024,5,May,2024-05
11596,2023-09-29,CUST7436,South,T-Shirt,Clothing,4,58.07,232.28,2023,9,Sep,2023-09
10582,2023-07-28,CUST7907,South,Blender,Home Appliances,1,1060.88,1060.88,2023,7,Jul,2023-07
14868,2023-09-06,CUST1345,South,Cricket Bat,Sports,7,57.94,405.58,2023,9,Sep,2023-09
14425,2023-04-07,CUST7311,North,Dress,Clothing,5,86.94,434.7,2023,4,Apr,2023-04
3025,2024-12-06,CUST1136,West,Rice,Groceries,1,12.32,12.32,2024,12,Dec,2024-12
252,2024-01-22,CUST1525,South,Tablet,Electronics,2,1116.36,2232.72,2024,1,Jan,2024-01
12147,2022-08-11,CUST4401,East,Jacket,Clothing,5,133.67,668.3499999999999,2022,8,Aug,2022-08
11439,2023-10-10,CUST7535,East,Eggs,Groceries,4,16.91,67.64,2023,10,Oct,2023-10
7093,2023-01-17,CUST7517,East,Football,Sports,5,132.08,660.4000000000001,2023,1,Jan,2023-01
933,2023-09-07,CUST2388,South,Air Conditioner,Home Appliances,2,1125.7,2251.4,2023,9,Sep,2023-09
7218,2022-08-05,CUST5265,West,Tablet,Electronics,4,1332.7,5330.8,2022,8,Aug,2022-08
3685,2022-11-16,CUST4343,West,Wheat,Groceries,1,10.28,10.28,2022,11,Nov,2022-11
8369,2022-01-16,CUST7172,North,Rice,Groceries,3,5.91,17.73,2022,1,Jan,2022-01
9479,2024-03-05,CUST8802,East,Refrigerator,Home Appliances,2,275.54,551.08,2024,3,Mar,2024-03
11725,2024-08-22,CUST4277,North,Wheat,Groceries,6,13.23,79.38,2024,8,Aug,2024-08
7418,2024-12-08,CUST4921,West,Vegetables,Groceries,7,7.02,49.14,2024,12,Dec,2024-12
10505,2023-02-03,CUST9438,East,Dress,Clothing,5,125.96,629.8,2023,2,Feb,2023-02
10516,2023-06-20,CUST1055,South,Football,Sports,2,261.85,523.7,2023,6,Jun,2023-06
13510,2023-04-21,CUST9595,West,Wheat,Groceries,5,9.68,48.4,2023,4,Apr,2023-04
7173,2022-01-20,CUST8831,East,Shoes,Clothing,2,48.39,96.78,2022,1,Jan,2022-01
3329,2024-03-11,CUST9002,West,Washing Machine,Home Appliances,7,987.28,6910.96,2024,3,Mar,2024-03
5024,2023-07-01,CUST2069,South,Jeans,Clothing,6,98.83,592.98,2023,7,Jul,2023-07
2215,2022-04-09,CUST5297,North,Wheat,Groceries,6,6.56,39.36,2022,4,Apr,2022-04
2217,2023-03-29,CUST5911,West,T-Shirt,Clothing,3,93.88,281.64,2023,3,Mar,2023-03
14796,2023-03-23,CUST5550,West,Jeans,Clothing,3,73.4,220.20000000000002,2023,3,Mar,2023-03
2860,2022-08-07,CUST5703,North,Smartphone,Electronics,3,594.67,1784.0099999999998,2022,8,Aug,2022-08
4025,2024-10-31,CUST9380,West,Cricket Bat,Sports,7,100.29,702.0300000000001,2024,10,Oct,2024-10
2761,2023-04-25,CUST1975,North,Eggs,Groceries,3,17.89,53.67,2023,4,Apr,2023-04
3291,2024-03-07,CUST4726,North,Air Conditioner,Home Appliances,6,946.73,5680.38,2024,3,Mar,2024-03
10044,2022-07-23,CUST6592,West,Cricket Bat,Sports,2,472.35,944.7,2022,7,Jul,2022-07
2627,2023-08-08,CUST4472,East,Microwave,Home Appliances,4,1039.56,4158.24,2023,8,Aug,2023-08
4610,2022-09-03,CUST2237,East,Football,Sports,7,335.4,2347.7999999999997,2022,9,Sep,2022-09
13284,2023-04-20,CUST9310,North,Jeans,Clothing,2,136.48,272.96,2023,4,Apr,2023-04
12473,2022-08-13,CUST5477,North,Blender,Home Appliances,4,620.78,2483.12,2022,8,Aug,2022-08
11740,2024-09-01,CUST9363,East,Cricket Bat,Sports,4,347.75,1391.0,2024,9,Sep,2024-09
6662,2023-11-25,CUST4532,South,Laptop,Electronics,1,915.68,915.68,2023,11,Nov,2023-11
13940,2022-12-14,CUST7033,East,Laptop,Electronics,5,454.23,2271.15,2022,12,Dec,2022-12
7360,2024-02-01,CUST4433,South,Basketball,Sports,5,499.45,2497.25,2024,2,Feb,2024-02
3205,2022-06-11,CUST8228,West,Basketball,Sports,3,421.07,1263.21,2022,6,Jun,2022-06
11753,2024-07-12,CUST4941,East,Blender,Home Appliances,2,701.74,1403.48,2024,7,Jul,2024-07
6127,2022-02-01,CUST9796,West,Camera,Electronics,5,226.12,1130.6,2022,2,Feb,2022-02
14630,2023-05-18,CUST2965,North,Camera,Electronics,6,1403.45,8420.7,2023,5,May,2023-05
2679,2023-01-01,CUST8750,West,T-Shirt,Clothing,4,48.83,195.32,2023,1,Jan,2023-01
3709,2023-07-11,CUST9594,North,Washing Machine,Home Appliances,4,1135.24,4540.96,2023,7,Jul,2023-07
9988,2022-11-23,CUST8026,West,Air Conditioner,Home Appliances,4,241.91,967.64,2022,11,Nov,2022-11
2806,2022-02-06,CUST2828,East,Basketball,Sports,4,286.86,1147.44,2022,2,Feb,2022-02
1454,2022-06-24,CUST4092,East,Eggs,Groceries,4,9.24,36.96,2022,6,Jun,2022-06
14422,2023-05-20,CUST4456,East,T-Shirt,Clothing,1,105.42,105.42,2023,5,May,2023-05
10000,2023-05-23,CUST8829,North,Rice,Groceries,3,8.94,26.82,2023,5,May,2023-05
2320,2023-05-13,CUST4587,West,Eggs,Groceries,1,11.38,11.38,2023,5,May,2023-05
13883,2023-02-15,CUST4214,East,Vegetables,Groceries,4,10.59,42.36,2023,2,Feb,2023-02
12609,2024-04-27,CUST4429,South,Headphones,Electronics,3,477.8,1433.4,2024,4,Apr,2024-04
7334,2024-08-14,CUST8015,South,Air Conditioner,Home Appliances,3,295.22,885.6600000000001,2024,8,Aug,2024-08
3652,2024-06-23,CUST8997,West,Laptop,Electronics,3,982.19,2946.57,2024,6,Jun,2024-06
2289,2024-01-01,CUST5671,East,Washing Machine,Home Appliances,2,597.78,1195.56,2024,1,Jan,2024-01
3624,2022-08-01,CUST1908,West,Air Conditioner,Home Appliances,7,502.76,3519.3199999999997,2022,8,Aug,2022-08
13619,2022-06-07,CUST4618,South,Jacket,Clothing,2,107.06,214.12,2022,6,Jun,2022-06
4879,2024-09-07,CUST4745,West,Wheat,Groceries,2,11.65,23.3,2024,9,Sep,2024-09
1714,2024-02-20,CUST5654,West,T-Shirt,Clothing,6,65.37,392.22,2024,2,Feb,2024-02
14506,2024-09-15,CUST2227,North,Camera,Electronics,4,434.0,1736.0,2024,9,Sep,2024-09
3590,2024-09-02,CUST1683,South,Tennis Racket,Sports,1,523.12,523.12,2024,9,Sep,2024-09
9467,2023-05-25,CUST5399,East,Football,Sports,5,202.05,1010.25,2023,5,May,2023-05
5156,2023-12-24,CUST4827,West,Milk,Groceries,2,18.09,36.18,2023,12,Dec,2023-12
12595,2022-12-04,CUST6115,South,Vegetables,Groceries,7,3.36,23.52,2022,12,Dec,2022-12
13674,2022-03-16,CUST9531,North,Football,Sports,6,308.72,1852.3200000000002,2022,3,Mar,2022-03
3670,2022-02-02,CUST3421,North,Milk,Groceries,6,8.86,53.16,2022,2,Feb,2022-02
14325,2022-01-01,CUST3877,South,Air Conditioner,Home Appliances,4,319.98,1279.92,2022,1,Jan,2022-01
13525,2022-03-15,CUST2126,North,Shoes,Clothing,1,12.86,12.86,2022,3,Mar,2022-03
8385,2022-07-31,CUST2646,South,Refrigerator,Home Appliances,6,887.1,5322.6,2022,7,Jul,2022-07
14211,2024-05-11,CUST3237,West,Shoes,Clothing,4,40.87,163.48,2024,5,May,2024-05
4388,2024-02-26,CUST9233,East,Blender,Home Appliances,3,969.02,2907.06,2024,2,Feb,2024-02
9124,2024-05-18,CUST9603,South,Wheat,Groceries,5,14.13,70.65,2024,5,May,2024-05
7895,2024-11-20,CUST7744,West,Headphones,Electronics,2,1058.29,2116.58,2024,11,Nov,2024-11
1490,2023-06-04,CUST6492,West,Smartphone,Electronics,1,1474.39,1474.39,2023,6,Jun,2023-06
1607,2024-07-27,CUST1761,North,Tablet,Electronics,5,1031.54,5157.7,2024,7,Jul,2024-07
8595,2024-09-08,CUST2627,North,Blender,Home Appliances,7,422.59,2958.1299999999997,2024,9,Sep,2024-09
8529,2022-06-01,CUST1908,South,Blender,Home Appliances,2,673.38,1346.76,2022,6,Jun,2022-06
1403,2023-04-12,CUST8750,North,Gym Equipment,Sports,2,149.44,298.88,2023,4,Apr,2023-04
9388,2024-12-30,CUST8257,South,Jeans,Clothing,7,120.88,846.16,2024,12,Dec,2024-12
3520,2024-05-04,CUST7444,East,Cricket Bat,Sports,7,420.64,2944.48,2024,5,May,2024-05
3298,2024-01-31,CUST6284,North,Milk,Groceries,5,10.57,52.85,2024,1,Jan,2024-01
1007,2024-04-17,CUST9880,West,Eggs,Groceries,6,18.7,112.19999999999999,2024,4,Apr,2024-04
2792,2023-02-01,CUST2440,North,Smartphone,Electronics,2,813.04,1626.08,2023,2,Feb,2023-02
2705,2024-05-17,CUST8274,West,Vegetables,Groceries,3,17.92,53.760000000000005,2024,5,May,2024-05
5614,2022-10-29,CUST4301,North,Laptop,Electronics,6,612.26,3673.56,2022,10,Oct,2022-10
14031,2022-01-09,CUST8719,West,Cricket Bat,Sports,1,136.04,136.04,2022,1,Jan,2022-01
5684,2022-08-31,CUST2789,East,Milk,Groceries,6,2.75,16.5,2022,8,Aug,2022-08
12288,2024-04-26,CUST3188,North,Jacket,Clothing,2,76.55,153.1,2024,4,Apr,2024-04
5401,2022-11-29,CUST9197,East,Gym Equipment,Sports,4,165.58,662.32,2022,11,Nov,2022-11
2358,2022-12-21,CUST2212,North,Eggs,Groceries,5,17.39,86.95,2022,12,Dec,2022-12
14681,2022-04-12,CUST4873,West,Tennis Racket,Sports,1,597.28,597.28,2022,4,Apr,2022-04
291,2022-09-20,CUST7780,North,Football,Sports,6,97.94,587.64,2022,9,Sep,2022-09
12535,2024-04-12,CUST1273,North,Wheat,Groceries,2,14.18,28.36,2024,4,Apr,2024-04
5909,2024-11-06,CUST2883,West,Jacket,Clothing,4,110.38,441.52,2024,11,Nov,2024-11
13819,2024-11-25,CUST3904,North,Air Conditioner,Home Appliances,5,243.71,1218.55,2024,11,Nov,2024-11
6595,2024-05-10,CUST9797,West,Vegetables,Groceries,5,14.02,70.1,2024,5,May,2024-05
89,2022-02-16,CUST4376,North,Tennis Racket,Sports,4,58.17,232.68,2022,2,Feb,2022-02
12999,2024-09-21,CUST3945,South,Milk,Groceries,2,6.32,12.64,2024,9,Sep,2024-09
2233,2023-12-29,CUST9752,West,Headphones,Electronics,7,810.91,5676.37,2023,12,Dec,2023-12
8274,2024-01-05,CUST3772,South,Dress,Clothing,4,94.98,379.92,2024,1,Jan,2024-01
9323,2022-08-24,CUST9414,South,Football,Sports,3,88.81,266.43,2022,8,Aug,2022-08
7965,2024-04-13,CUST2245,East,Gym Equipment,Sports,2,454.9,909.8,2024,4,Apr,2024-04
9038,2022-03-19,CUST9266,South,Gym Equipment,Sports,3,497.15,1491.4499999999998,2022,3,Mar,2022-03
11409,2022-04-11,CUST7461,South,Smartphone,Electronics,3,1193.12,3579.3599999999997,2022,4,Apr,2022-04
8392,2022-04-02,CUST6769,West,Wheat,Groceries,2,11.61,23.22,2022,4,Apr,2022-04
11750,2022-01-24,CUST1726,North,Vegetables,Groceries,1,18.37,18.37,2022,1,Jan,2022-01
1057,2024-08-22,CUST6401,North,Shoes,Clothing,5,71.63,358.15,2024,8,Aug,2024-08
904,2024-06-01,CUST7923,North,T-Shirt,Clothing,1,120.86,120.86,2024,6,Jun,2024-06
14221,2024-08-22,CUST9825,West,Wheat,Groceries,6,18.24,109.44,2024,8,Aug,2024-08
13627,2023-01-13,CUST7592,South,T-Shirt,Clothing,7,10.44,73.08,2023,1,Jan,2023-01
2040,2022-11-04,CUST2076,East,Microwave,Home Appliances,2,890.9,1781.8,2022,11,Nov,2022-11
1612,2023-08-21,CUST8145,North,Cricket Bat,Sports,7,467.48,3272.36,2023,8,Aug,2023-08
14520,2024-03-20,CUST7268,South,Headphones,Electronics,5,268.42,1342.1000000000001,2024,3,Mar,2024-03
737,2024-02-17,CUST1297,West,Eggs,Groceries,1,1.35,1.35,2024,2,Feb,2024-02
5964,2023-05-05,CUST6245,South,Air Conditioner,Home Appliances,4,366.81,1467.24,2023,5,May,2023-05
11876,2023-06-10,CUST1280,East,Dress,Clothing,4,144.55,578.2,2023,6,Jun,2023-06
7309,2023-09-18,CUST1368,South,Jeans,Clothing,5,22.8,114.0,2023,9,Sep,2023-09
9053,2022-05-02,CUST2013,East,Gym Equipment,Sports,4,370.47,1481.88,2022,5,May,2022-05
6178,2023-01-28,CUST2307,North,Camera,Electronics,1,791.49,791.49,2023,1,Jan,2023-01
13556,2023-03-20,CUST5668,South,Rice,Groceries,4,2.5,10.0,2023,3,Mar,2023-03
2865,2023-02-14,CUST4879,South,Microwave,Home Appliances,4,223.86,895.44,2023,2,Feb,2023-02
10057,2024-03-20,CUST1989,North,Cricket Bat,Sports,6,126.2,757.2,2024,3,Mar,2024-03
1419,2022-05-15,CUST6383,South,Jeans,Clothing,2,147.82,295.64,2022,5,May,2022-05
5915,2022-11-24,CUST7655,South,Shoes,Clothing,3,24.38,73.14,2022,11,Nov,2022-11
4149,2023-03-19,CUST5745,North,Blender,Home Appliances,4,781.96,3127.84,2023,3,Mar,2023-03
13110,2024-07-01,CUST8572,South,Gym Equipment,Sports,6,179.37,1076.22,2024,7,Jul,2024-07
13686,2024-05-16,CUST1806,West,Shoes,Clothing,2,35.33,70.66,2024,5,May,2024-05
1011,2022-12-24,CUST6336,South,Air Conditioner,Home Appliances,2,821.38,1642.76,2022,12,Dec,2022-12
8635,2024-12-02,CUST9622,North,Blender,Home Appliances,1,1011.52,1011.52,2024,12,Dec,2024-12
7589,2023-08-31,CUST2896,South,Rice,Groceries,7,5.8,40.6,2023,8,Aug,2023-08
4190,2023-06-13,CUST3926,West,Laptop,Electronics,2,879.8,1759.6,2023,6,Jun,2023-06
14954,2024-05-03,CUST8124,South,Cricket Bat,Sports,7,135.92,951.4399999999999,2024,5,May,2024-05
10529,2023-02-22,CUST6539,East,Tennis Racket,Sports,1,41.32,41.32,2023,2,Feb,2023-02
9825,2022-08-26,CUST1408,West,Smartphone,Electronics,7,204.45,1431.1499999999999,2022,8,Aug,2022-08
5146,2023-05-30,CUST7557,North,Cricket Bat,Sports,3,396.54,1189.6200000000001,2023,5,May,2023-05
8938,2022-07-08,CUST3101,West,Milk,Groceries,6,13.18,79.08,2022,7,Jul,2022-07
9616,2022-12-15,CUST1809,North,Vegetables,Groceries,4,4.71,18.84,2022,12,Dec,2022-12
8701,2023-05-16,CUST7885,East,Wheat,Groceries,4,16.03,64.12,2023,5,May,2023-05
3801,2023-04-17,CUST1178,East,Vegetables,Groceries,7,19.47,136.29,2023,4,Apr,2023-04
10382,2023-08-18,CUST9227,West,Jacket,Clothing,6,139.19,835.14,2023,8,Aug,2023-08
3746,2023-09-21,CUST4762,East,Shoes,Clothing,6,145.34,872.04,2023,9,Sep,2023-09
9074,2024-10-08,CUST3863,East,Vegetables,Groceries,1,2.32,2.32,2024,10,Oct,2024-10
11362,2022-09-21,CUST9407,North,T-Shirt,Clothing,1,48.28,48.28,2022,9,Sep,2022-09
8049,2023-10-18,CUST5236,East,Refrigerator,Home Appliances,6,860.12,5160.72,2023,10,Oct,2023-10
1386,2023-08-02,CUST3787,East,Football,Sports,7,558.76,3911.3199999999997,2023,8,Aug,2023-08
10183,2023-03-29,CUST5488,West,Tennis Racket,Sports,1,20.05,20.05,2023,3,Mar,2023-03
4873,2023-11-09,CUST3974,East,Refrigerator,Home Appliances,2,906.33,1812.66,2023,11,Nov,2023-11
736,2023-10-18,CUST3077,South,Microwave,Home Appliances,6,743.62,4461.72,2023,10,Oct,2023-10
5713,2023-12-05,CUST4266,East,Jacket,Clothing,7,80.02,560.14,2023,12,Dec,2023-12
5423,2024-09-10,CUST6991,East,Dress,Clothing,5,114.9,574.5,2024,9,Sep,2024-09
4013,2024-10-18,CUST7054,East,Washing Machine,Home Appliances,7,891.28,6238.96,2024,10,Oct,2024-10
2859,2022-01-29,CUST1364,North,Blender,Home Appliances,6,682.8,4096.799999999999,2022,1,Jan,2022-01
9897,2024-06-27,CUST6096,East,Refrigerator,Home Appliances,2,890.89,1781.78,2024,6,Jun,2024-06
4537,2023-08-26,CUST2086,West,Cricket Bat,Sports,6,531.29,3187.74,2023,8,Aug,2023-08
4581,2024-01-11,CUST9080,North,Refrigerator,Home Appliances,2,597.96,1195.92,2024,1,Jan,2024-01
7656,2024-07-30,CUST1266,North,Shoes,Clothing,7,79.75,558.25,2024,7,Jul,2024-07
5999,2024-06-02,CUST5823,West,Air Conditioner,Home Appliances,7,1072.48,7507.360000000001,2024,6,Jun,2024-06
885,2022-09-22,CUST8246,North,Blender,Home Appliances,7,1063.03,7441.21,2022,9,Sep,2022-09
9027,2024-05-31,CUST7509,North,T-Shirt,Clothing,2,48.45,96.9,2024,5,May,2024-05
3234,2024-08-05,CUST5324,South,Washing Machine,Home Appliances,5,907.6,4538.0,2024,8,Aug,2024-08
5602,2022-09-28,CUST6613,North,Camera,Electronics,7,1360.17,9521.19,2022,9,Sep,2022-09
2418,2022-08-24,CUST5313,South,Washing Machine,Home Appliances,2,966.45,1932.9,2022,8,Aug,2022-08
5359,2022-03-19,CUST6726,North,Vegetables,Groceries,5,6.02,30.099999999999998,2022,3,Mar,2022-03
11010,2023-01-10,CUST9238,West,Jeans,Clothing,2,54.84,109.68,2023,1,Jan,2023-01
4949,2022-08-20,CUST9698,North,Refrigerator,Home Appliances,1,656.35,656.35,2022,8,Aug,2022-08
5934,2023-08-28,CUST5538,North,Headphones,Electronics,6,1193.88,7163.280000000001,2023,8,Aug,2023-08
2920,2023-12-22,CUST9785,North,Milk,Groceries,6,8.64,51.84,2023,12,Dec,2023-12
10839,2023-01-03,CUST3030,West,Basketball,Sports,2,476.68,953.36,2023,1,Jan,2023-01
5599,2022-09-27,CUST7041,East,Refrigerator,Home Appliances,6,708.11,4248.66,2022,9,Sep,2022-09
3699,2022-04-26,CUST1269,West,Wheat,Groceries,6,9.44,56.64,2022,4,Apr,2022-04
12168,2022-07-16,CUST9197,North,Jeans,Clothing,6,89.18,535.08,2022,7,Jul,2022-07
9956,2024-10-13,CUST1983,West,Jacket,Clothing,6,78.44,470.64,2024,10,Oct,2024-10
14085,2022-11-18,CUST4384,South,Vegetables,Groceries,3,3.7,11.100000000000001,2022,11,Nov,2022-11
6881,2023-09-20,CUST9626,East,Rice,Groceries,3,10.51,31.53,2023,9,Sep,2023-09
9159,2022-08-01,CUST6263,South,Tennis Racket,Sports,5,191.23,956.15,2022,8,Aug,2022-08
10217,2022-07-11,CUST7785,South,T-Shirt,Clothing,3,67.46,202.38,2022,7,Jul,2022-07
4402,2022-12-03,CUST1602,West,Headphones,Electronics,1,409.33,409.33,2022,12,Dec,2022-12
10805,2024-01-19,CUST9709,East,Tablet,Electronics,2,869.03,1738.06,2024,1,Jan,2024-01
5932,2023-06-06,CUST7045,East,Basketball,Sports,6,528.52,3171.12,2023,6,Jun,2023-06
1523,2022-07-26,CUST6914,South,Vegetables,Groceries,3,7.34,22.02,2022,7,Jul,2022-07
11307,2023-08-12,CUST2615,East,Wheat,Groceries,7,17.26,120.82000000000001,2023,8,Aug,2023-08
2563,2024-08-19,CUST7792,South,Football,Sports,7,134.88,944.16,2024,8,Aug,2024-08
2129,2023-04-16,CUST5355,South,Rice,Groceries,1,6.52,6.52,2023,4,Apr,2023-04
1087,2022-08-02,CUST4401,West,Shoes,Clothing,1,99.49,99.49,2022,8,Aug,2022-08
1963,2022-11-26,CUST2810,West,Blender,Home Appliances,1,398.16,398.16,2022,11,Nov,2022-11
5621,2022-01-30,CUST8376,North,Headphones,Electronics,4,452.98,1811.92,2022,1,Jan,2022-01
14991,2024-11-10,CUST8851,East,Football,Sports,1,435.73,435.73,2024,11,Nov,2024-11
12838,2023-09-22,CUST5028,East,Laptop,Electronics,6,159.5,957.0,2023,9,Sep,2023-09
3066,2023-09-20,CUST2156,West,Laptop,Electronics,3,919.83,2759.4900000000002,2023,9,Sep,2023-09
12723,2023-07-26,CUST9263,East,Washing Machine,Home Appliances,2,324.46,648.92,2023,7,Jul,2023-07
13287,2022-06-20,CUST8961,East,Smartphone,Electronics,5,954.39,4771.95,2022,6,Jun,2022-06
3616,2023-10-24,CUST7286,North,Refrigerator,Home Appliances,4,520.95,2083.8,2023,10,Oct,2023-10
11374,2023-09-20,CUST1142,North,Laptop,Electronics,2,726.34,1452.68,2023,9,Sep,2023-09
12364,2022-08-07,CUST4740,South,Microwave,Home Appliances,2,1065.64,2131.28,2022,8,Aug,2022-08
8291,2024-11-24,CUST2608,East,Laptop,Electronics,2,682.88,1365.76,2024,11,Nov,2024-11
9069,2023-06-07,CUST1131,East,Camera,Electronics,7,1340.68,9384.76,2023,6,Jun,2023-06
1347,2022-02-13,CUST5428,West,Laptop,Electronics,1,204.17,204.17,2022,2,Feb,2022-02
8770,2022-08-24,CUST8768,South,Laptop,Electronics,5,1286.74,6433.7,2022,8,Aug,2022-08
11194,2024-11-18,CUST5026,East,Eggs,Groceries,4,9.14,36.56,2024,11,Nov,2024-11
3571,2022-02-16,CUST2688,North,Milk,Groceries,2,14.39,28.78,2022,2,Feb,2022-02
1122,2024-01-24,CUST6609,South,Eggs,Groceries,7,12.94,90.58,2024,1,Jan,2024-01
1534,2023-11-05,CUST7487,West,Gym Equipment,Sports,6,123.71,742.26,2023,11,Nov,2023-11
2944,2024-12-27,CUST1201,East,Tennis Racket,Sports,2,444.75,889.5,2024,12,Dec,2024-12
11829,2022-11-04,CUST4095,East,Football,Sports,1,479.84,479.84,2022,11,Nov,2022-11
9361,2022-11-21,CUST7565,North,Gym Equipment,Sports,5,492.31,2461.55,2022,11,Nov,2022-11
7013,2024-02-07,CUST7174,West,Jacket,Clothing,5,140.92,704.5999999999999,2024,2,Feb,2024-02
6889,2023-07-16,CUST3754,East,Jeans,Clothing,3,35.97,107.91,2023,7,Jul,2023-07
11337,2024-06-10,CUST9782,East,Shoes,Clothing,2,95.23,190.46,2024,6,Jun,2024-06
12465,2022-10-20,CUST5256,East,Football,Sports,7,271.29,1899.0300000000002,2022,10,Oct,2022-10
14943,2023-04-17,CUST5233,South,Microwave,Home Appliances,1,152.41,152.41,2023,4,Apr,2023-04
4246,2024-09-14,CUST9195,South,Basketball,Sports,2,213.91,427.82,2024,9,Sep,2024-09
1633,2023-11-08,CUST4442,East,Smartphone,Electronics,1,1164.77,1164.77,2023,11,Nov,2023-11
4063,2024-06-12,CUST6971,East,Gym Equipment,Sports,7,175.49,1228.43,2024,6,Jun,2024-06
9376,2023-05-21,CUST7750,West,Smartphone,Electronics,7,596.85,4177.95,2023,5,May,2023-05
13010,2022-04-17,CUST6056,North,Rice,Groceries,7,12.61,88.27,2022,4,Apr,2022-04
11888,2022-08-31,CUST2758,East,Smartphone,Electronics,1,491.17,491.17,2022,8,Aug,2022-08
12460,2023-07-02,CUST4989,East,Smartphone,Electronics,3,1010.0,3030.0,2023,7,Jul,2023-07
5768,2024-10-10,CUST7670,East,Smartphone,Electronics,3,1450.69,4352.07,2024,10,Oct,2024-10
3015,2023-09-11,CUST6273,East,Refrigerator,Home Appliances,4,1158.24,4632.96,2023,9,Sep,2023-09
10472,2022-03-29,CUST9664,West,Milk,Groceries,5,2.94,14.7,2022,3,Mar,2022-03
3729,2024-05-03,CUST2391,West,Shoes,Clothing,4,141.23,564.92,2024,5,May,2024-05
13318,2022-12-23,CUST7428,East,Shoes,Clothing,4,88.32,353.28,2022,12,Dec,2022-12
3853,2022-10-14,CUST5883,West,Headphones,Electronics,1,314.97,314.97,2022,10,Oct,2022-10
6162,2023-04-12,CUST1360,North,Washing Machine,Home Appliances,1,697.79,697.79,2023,4,Apr,2023-04
100,2023-11-08,CUST5178,South,Air Conditioner,Home Appliances,7,934.34,6540.38,2023,11,Nov,2023-11
12062,2022-05-26,CUST1198,South,Basketball,Sports,1,24.15,24.15,2022,5,May,2022-05
8123,2024-10-15,CUST4120,West,Tennis Racket,Sports,1,233.09,233.09,2024,10,Oct,2024-10
14316,2022-02-05,CUST9944,East,Headphones,Electronics,2,206.75,413.5,2022,2,Feb,2022-02
11821,2023-05-01,CUST5652,West,Jacket,Clothing,4,12.12,48.48,2023,5,May,2023-05
8374,2024-06-03,CUST2811,East,Tablet,Electronics,2,1290.17,2580.34,2024,6,Jun,2024-06
1036,2022-05-20,CUST6510,North,Microwave,Home Appliances,3,1035.66,3106.9800000000005,2022,5,May,2022-05
14618,2023-11-05,CUST7390,South,Wheat,Groceries,3,6.98,20.94,2023,11,Nov,2023-11
1745,2024-09-04,CUST1973,West,Eggs,Groceries,5,19.28,96.4,2024,9,Sep,2024-09
4897,2024-02-10,CUST9269,South,Washing Machine,Home Appliances,5,280.28,1401.3999999999999,2024,2,Feb,2024-02
10476,2024-09-16,CUST4384,East,Wheat,Groceries,4,1.77,7.08,2024,9,Sep,2024-09
4011,2024-11-25,CUST9000,East,Dress,Clothing,6,26.05,156.3,2024,11,Nov,2024-11
3920,2024-03-28,CUST3962,South,Tablet,Electronics,7,877.66,6143.62,2024,3,Mar,2024-03
1587,2023-12-24,CUST8399,West,T-Shirt,Clothing,2,76.73,153.46,2023,12,Dec,2023-12
8901,2023-12-21,CUST4571,West,T-Shirt,Clothing,1,94.02,94.02,2023,12,Dec,2023-12
4666,2023-12-12,CUST6085,North,Air Conditioner,Home Appliances,4,201.01,804.04,2023,12,Dec,2023-12
9605,2022-02-06,CUST3934,East,Smartphone,Electronics,1,1415.64,1415.64,2022,2,Feb,2022-02
6551,2023-01-12,CUST7960,North,Vegetables,Groceries,6,15.36,92.16,2023,1,Jan,2023-01
287,2022-02-19,CUST7674,West,Cricket Bat,Sports,1,153.57,153.57,2022,2,Feb,2022-02
13776,2024-06-09,CUST1496,West,Camera,Electronics,5,535.91,2679.5499999999997,2024,6,Jun,2024-06
13464,2024-02-16,CUST6959,West,Camera,Electronics,4,1290.69,5162.76,2024,2,Feb,2024-02
14750,2024-12-19,CUST9293,South,Microwave,Home Appliances,4,975.02,3900.08,2024,12,Dec,2024-12
10950,2023-01-03,CUST4551,South,Basketball,Sports,7,426.42,2984.94,2023,1,Jan,2023-01
13325,2023-08-12,CUST5823,East,Jacket,Clothing,6,87.25,523.5,2023,8,Aug,2023-08
14439,2024-04-28,CUST6085,East,Dress,Clothing,3,63.62,190.85999999999999,2024,4,Apr,2024-04
1624,2024-12-27,CUST1978,West,Refrigerator,Home Appliances,3,964.02,2892.06,2024,12,Dec,2024-12
13414,2024-02-09,CUST9865,East,Shoes,Clothing,5,135.59,677.95,2024,2,Feb,2024-02
352,2023-06-20,CUST1593,South,Shoes,Clothing,4,17.39,69.56,2023,6,Jun,2023-06
14354,2024-06-22,CUST1765,West,Eggs,Groceries,6,2.28,13.68,2024,6,Jun,2024-06
3617,2023-04-20,CUST8227,North,Vegetables,Groceries,7,14.21,99.47,2023,4,Apr,2023-04
567,2023-05-09,CUST7864,South,Tablet,Electronics,6,543.52,3261.12,2023,5,May,2023-05
915,2022-01-25,CUST3838,East,Headphones,Electronics,2,233.63,467.26,2022,1,Jan,2022-01
4550,2024-06-11,CUST7726,North,Shoes,Clothing,5,133.04,665.1999999999999,2024,6,Jun,2024-06
5782,2023-08-15,CUST8688,East,Tablet,Electronics,6,810.67,4864.0199999999995,2023,8,Aug,2023-08
2958,2022-01-28,CUST8366,East,Milk,Groceries,5,12.04,60.199999999999996,2022,1,Jan,2022-01
9225,2023-07-18,CUST8221,North,Tablet,Electronics,7,439.09,3073.6299999999997,2023,7,Jul,2023-07
7835,2023-06-06,CUST8806,East,Laptop,Electronics,5,737.64,3688.2,2023,6,Jun,2023-06
11002,2024-02-15,CUST5504,North,Cricket Bat,Sports,4,286.4,1145.6,2024,2,Feb,2024-02
13959,2024-11-28,CUST9752,North,Wheat,Groceries,5,7.26,36.3,2024,11,Nov,2024-11
7744,2023-12-29,CUST7374,South,Vegetables,Groceries,4,2.33,9.32,2023,12,Dec,2023-12
1580,2024-06-07,CUST7805,West,Camera,Electronics,6,856.26,5137.5599999999995,2024,6,Jun,2024-06
13888,2024-09-07,CUST6762,West,Refrigerator,Home Appliances,7,245.02,1715.14,2024,9,Sep,2024-09
1399,2023-04-21,CUST2340,South,Headphones,Electronics,1,1250.73,1250.73,2023,4,Apr,2023-04
1531,2022-01-24,CUST1675,East,Gym Equipment,Sports,5,79.59,397.95000000000005,2022,1,Jan,2022-01
13881,2024-06-13,CUST5992,North,Jacket,Clothing,3,22.96,68.88,2024,6,Jun,2024-06
7794,2023-02-26,CUST7197,North,Refrigerator,Home Appliances,1,280.17,280.17,2023,2,Feb,2023-02
5351,2022-06-26,CUST3615,West,Football,Sports,7,549.21,3844.4700000000003,2022,6,Jun,2022-06
1625,2024-12-21,CUST9303,East,Jacket,Clothing,1,81.07,81.07,2024,12,Dec,2024-12
2526,2023-03-20,CUST2325,North,T-Shirt,Clothing,1,117.57,117.57,2023,3,Mar,2023-03
2228,2024-06-22,CUST8389,South,Wheat,Groceries,3,10.18,30.54,2024,6,Jun,2024-06
488,2022-06-24,CUST3792,South,Milk,Groceries,6,1.32,7.92,2022,6,Jun,2022-06
3290,2024-05-07,CUST2381,North,Rice,Groceries,5,14.2,71.0,2024,5,May,2024-05
12693,2023-12-18,CUST6640,South,Shoes,Clothing,4,46.86,187.44,2023,12,Dec,2023-12
380,2024-12-03,CUST2577,North,Wheat,Groceries,1,1.52,1.52,2024,12,Dec,2024-12
11276,2022-08-03,CUST4124,East,Milk,Groceries,4,14.81,59.24,2022,8,Aug,2022-08
2969,2023-03-14,CUST2925,West,Eggs,Groceries,4,19.28,77.12,2023,3,Mar,2023-03
5041,2022-02-06,CUST6631,South,Shoes,Clothing,4,53.59,214.36,2022,2,Feb,2022-02
14594,2023-02-23,CUST7024,South,Smartphone,Electronics,4,596.51,2386.04,2023,2,Feb,2023-02
7306,2023-10-22,CUST2329,North,Washing Machine,Home Appliances,6,543.61,3261.66,2023,10,Oct,2023-10
358,2024-04-16,CUST9691,North,Milk,Groceries,7,11.87,83.08999999999999,2024,4,Apr,2024-04
10158,2023-08-03,CUST7470,North,Vegetables,Groceries,1,13.29,13.29,2023,8,Aug,2023-08
8300,2022-04-09,CUST9495,North,Headphones,Electronics,6,1341.92,8051.52,2022,4,Apr,2022-04
10876,2024-04-30,CUST2610,North,Refrigerator,Home Appliances,4,861.5,3446.0,2024,4,Apr,2024-04
48,2024-02-24,CUST9096,West,Jacket,Clothing,2,132.83,265.66,2024,2,Feb,2024-02
6313,2022-06-14,CUST5158,South,Jeans,Clothing,3,132.23,396.68999999999994,2022,6,Jun,2022-06
11657,2024-10-31,CUST6621,North,Vegetables,Groceries,3,13.63,40.89,2024,10,Oct,2024-10
13568,2023-04-14,CUST6269,South,Eggs,Groceries,3,4.0,12.0,2023,4,Apr,2023-04
709,2023-12-15,CUST1124,East,T-Shirt,Clothing,3,141.39,424.16999999999996,2023,12,Dec,2023-12
6299,2022-04-29,CUST6216,East,Microwave,Home Appliances,4,887.56,3550.24,2022,4,Apr,2022-04
3955,2024-12-02,CUST5716,North,Rice,Groceries,3,10.76,32.28,2024,12,Dec,2024-12
837,2024-04-22,CUST7004,South,Tablet,Electronics,6,269.01,1614.06,2024,4,Apr,2024-04
11545,2023-11-14,CUST2177,North,Headphones,Electronics,5,621.48,3107.4,2023,11,Nov,2023-11
2343,2023-01-27,CUST6151,North,Washing Machine,Home Appliances,1,235.08,235.08,2023,1,Jan,2023-01
5730,2023-04-21,CUST5767,South,Laptop,Electronics,6,1034.74,6208.4400000000005,2023,4,Apr,2023-04
12131,2023-12-24,CUST5893,South,Headphones,Electronics,5,1034.39,5171.950000000001,2023,12,Dec,2023-12
12437,2023-05-03,CUST4106,North,T-Shirt,Clothing,5,59.78,298.9,2023,5,May,2023-05
7542,2022-12-31,CUST9759,North,Cricket Bat,Sports,4,421.93,1687.72,2022,12,Dec,2022-12
7404,2024-10-18,CUST2457,South,Basketball,Sports,6,264.63,1587.78,2024,10,Oct,2024-10
6339,2023-06-26,CUST2616,West,Tennis Racket,Sports,2,54.93,109.86,2023,6,Jun,2023-06
4961,2024-05-14,CUST5900,East,T-Shirt,Clothing,7,14.2,99.39999999999999,2024,5,May,2024-05
12361,2023-05-05,CUST4020,East,Blender,Home Appliances,7,580.09,4060.63,2023,5,May,2023-05
13620,2023-01-06,CUST8158,South,Laptop,Electronics,1,1478.19,1478.19,2023,1,Jan,2023-01
14571,2023-08-12,CUST9860,West,Shoes,Clothing,1,36.11,36.11,2023,8,Aug,2023-08
10369,2024-07-08,CUST2733,North,Jacket,Clothing,6,117.05,702.3,2024,7,Jul,2024-07
12588,2024-10-25,CUST8764,South,Vegetables,Groceries,6,10.09,60.54,2024,10,Oct,2024-10
4392,2022-05-17,CUST3903,West,Football,Sports,2,339.78,679.56,2022,5,May,2022-05
8133,2022-08-16,CUST4643,North,Camera,Electronics,6,1264.06,7584.36,2022,8,Aug,2022-08
13437,2022-10-10,CUST3775,West,Dress,Clothing,6,30.52,183.12,2022,10,Oct,2022-10
4901,2023-04-11,CUST4145,North,Wheat,Groceries,5,10.49,52.45,2023,4,Apr,2023-04
8608,2023-07-12,CUST7551,South,Gym Equipment,Sports,4,535.19,2140.76,2023,7,Jul,2023-07
6082,2023-07-05,CUST7570,South,Eggs,Groceries,2,2.95,5.9,2023,7,Jul,2023-07
7014,2022-08-24,CUST7480,North,Laptop,Electronics,1,1235.04,1235.04,2022,8,Aug,2022-08
4059,2024-05-30,CUST2605,North,Vegetables,Groceries,6,14.81,88.86,2024,5,May,2024-05
6770,2022-03-27,CUST8435,South,Football,Sports,5,557.27,2786.35,2022,3,Mar,2022-03
4922,2024-11-18,CUST2932,East,Vegetables,Groceries,4,13.28,53.12,2024,11,Nov,2024-11
10991,2023-05-26,CUST1760,West,Tennis Racket,Sports,2,304.07,608.14,2023,5,May,2023-05
11493,2022-01-11,CUST5827,North,Shoes,Clothing,1,75.66,75.66,2022,1,Jan,2022-01
8684,2022-06-04,CUST2485,East,Dress,Clothing,1,33.95,33.95,2022,6,Jun,2022-06
4316,2024-09-14,CUST9028,West,Gym Equipment,Sports,4,39.11,156.44,2024,9,Sep,2024-09
4744,2022-03-01,CUST1827,North,Dress,Clothing,5,42.96,214.8,2022,3,Mar,2022-03
13930,2022-03-18,CUST3764,West,Gym Equipment,Sports,5,379.6,1898.0,2022,3,Mar,2022-03
3839,2024-11-19,CUST5832,West,Air Conditioner,Home Appliances,6,685.01,4110.0599999999995,2024,11,Nov,2024-11
1255,2024-11-05,CUST8631,South,Milk,Groceries,5,16.57,82.85,2024,11,Nov,2024-11
4756,2024-07-15,CUST7700,West,Cricket Bat,Sports,7,77.16,540.12,2024,7,Jul,2024-07
1476,2023-09-24,CUST9720,East,Gym Equipment,Sports,2,183.95,367.9,2023,9,Sep,2023-09
14383,2022-02-11,CUST6954,West,Tennis Racket,Sports,5,487.02,2435.1,2022,2,Feb,2022-02
12315,2024-08-31,CUST2282,South,Rice,Groceries,2,8.76,17.52,2024,8,Aug,2024-08
13925,2024-08-07,CUST7880,West,Basketball,Sports,6,56.25,337.5,2024,8,Aug,2024-08
4867,2024-10-19,CUST5508,East,Laptop,Electronics,2,441.65,883.3,2024,10,Oct,2024-10
11157,2024-05-21,CUST7519,West,Headphones,Electronics,4,917.23,3668.92,2024,5,May,2024-05
14343,2023-07-12,CUST6903,North,Laptop,Electronics,4,1365.79,5463.16,2023,7,Jul,2023-07
11095,2023-02-06,CUST7212,West,Camera,Electronics,5,874.93,4374.65,2023,2,Feb,2023-02
3939,2022-04-27,CUST9395,South,T-Shirt,Clothing,4,116.76,467.04,2022,4,Apr,2022-04
10664,2023-06-26,CUST8909,East,Milk,Groceries,5,15.87,79.35,2023,6,Jun,2023-06
305,2023-02-10,CUST5437,East,Shoes,Clothing,2,82.2,164.4,2023,2,Feb,2023-02
2324,2024-08-05,CUST2828,South,T-Shirt,Clothing,4,65.33,261.32,2024,8,Aug,2024-08
8994,2024-07-17,CUST3915,East,Cricket Bat,Sports,3,453.97,1361.91,2024,7,Jul,2024-07
10916,2022-05-23,CUST6234,North,Milk,Groceries,6,4.31,25.86,2022,5,May,2022-05
14413,2023-03-21,CUST8498,West,Gym Equipment,Sports,2,302.02,604.04,2023,3,Mar,2023-03
6487,2024-09-09,CUST4850,East,Dress,Clothing,5,60.79,303.95,2024,9,Sep,2024-09
14473,2023-05-28,CUST8110,North,Cricket Bat,Sports,2,558.66,1117.32,2023,5,May,2023-05
13218,2023-09-23,CUST3643,South,Wheat,Groceries,4,8.82,35.28,2023,9,Sep,2023-09
11793,2022-03-25,CUST1983,East,Tablet,Electronics,3,812.22,2436.66,2022,3,Mar,2022-03
6260,2022-07-18,CUST6984,West,Vegetables,Groceries,5,15.0,75.0,2022,7,Jul,2022-07
1740,2024-04-21,CUST2922,West,Refrigerator,Home Appliances,6,694.28,4165.68,2024,4,Apr,2024-04
13157,2024-05-01,CUST4512,West,Jeans,Clothing,3,128.56,385.68,2024,5,May,2024-05
12670,2024-12-26,CUST1360,South,Laptop,Electronics,3,1039.74,3119.2200000000003,2024,12,Dec,2024-12
6581,2023-10-31,CUST8825,West,Basketball,Sports,2,158.37,316.74,2023,10,Oct,2023-10
13994,2024-03-03,CUST4960,East,T-Shirt,Clothing,1,145.02,145.02,2024,3,Mar,2024-03
3275,2022-12-15,CUST7214,North,Headphones,Electronics,5,627.37,3136.85,2022,12,Dec,2022-12
10846,2023-03-12,CUST2467,South,Shoes,Clothing,7,116.5,815.5,2023,3,Mar,2023-03
2168,2022-06-08,CUST2920,North,Jacket,Clothing,6,53.3,319.79999999999995,2022,6,Jun,2022-06
1394,2023-08-10,CUST6302,North,Cricket Bat,Sports,6,71.23,427.38,2023,8,Aug,2023-08
5525,2023-01-29,CUST3016,West,Headphones,Electronics,6,307.16,1842.96,2023,1,Jan,2023-01
2544,2024-06-18,CUST2744,South,Laptop,Electronics,7,1036.81,7257.67,2024,6,Jun,2024-06
12802,2024-04-22,CUST4528,West,Tennis Racket,Sports,3,217.67,653.01,2024,4,Apr,2024-04
7521,2024-05-02,CUST9133,East,Football,Sports,5,529.38,2646.9,2024,5,May,2024-05
6007,2024-03-17,CUST8779,South,Tablet,Electronics,6,883.89,5303.34,2024,3,Mar,2024-03
1271,2022-08-17,CUST4923,East,Blender,Home Appliances,6,354.71,2128.2599999999998,2022,8,Aug,2022-08
2141,2022-07-05,CUST2707,North,Laptop,Electronics,2,1306.0,2612.0,2022,7,Jul,2022-07
13550,2023-04-30,CUST9302,North,Vegetables,Groceries,4,16.78,67.12,2023,4,Apr,2023-04
6804,2024-02-01,CUST5850,North,Smartphone,Electronics,5,1104.96,5524.8,2024,2,Feb,2024-02
13562,2024-03-30,CUST1598,North,Eggs,Groceries,7,14.88,104.16000000000001,2024,3,Mar,2024-03
6265,2022-03-12,CUST5945,South,Basketball,Sports,7,227.84,1594.88,2022,3,Mar,2022-03
14712,2024-11-18,CUST7164,North,Jeans,Clothing,1,67.2,67.2,2024,11,Nov,2024-11
6787,2022-05-31,CUST4692,West,Blender,Home Appliances,7,1053.56,7374.92,2022,5,May,2022-05
9943,2023-04-18,CUST7049,South,Headphones,Electronics,4,1110.07,4440.28,2023,4,Apr,2023-04
6905,2024-02-08,CUST4509,West,Camera,Electronics,6,1326.0,7956.0,2024,2,Feb,2024-02
11710,2022-07-02,CUST9139,North,Eggs,Groceries,4,16.56,66.24,2022,7,Jul,2022-07
11275,2024-02-08,CUST5958,North,T-Shirt,Clothing,3,43.58,130.74,2024,2,Feb,2024-02
8935,2023-07-10,CUST6329,East,Basketball,Sports,3,538.37,1615.1100000000001,2023,7,Jul,2023-07
14785,2024-08-23,CUST9439,North,Eggs,Groceries,5,15.67,78.35,2024,8,Aug,2024-08
8599,2024-02-29,CUST9587,West,Headphones,Electronics,5,352.9,1764.5,2024,2,Feb,2024-02
14469,2022-12-29,CUST7695,North,Football,Sports,7,271.94,1903.58,2022,12,Dec,2022-12
7945,2022-01-27,CUST3934,South,Washing Machine,Home Appliances,3,1070.74,3212.2200000000003,2022,1,Jan,2022-01
2391,2022-12-12,CUST3948,West,Tennis Racket,Sports,5,52.83,264.15,2022,12,Dec,2022-12
9484,2023-10-10,CUST3654,South,Milk,Groceries,2,8.25,16.5,2023,10,Oct,2023-10
7064,2022-09-29,CUST8517,North,Jeans,Clothing,7,95.11,665.77,2022,9,Sep,2022-09
9560,2024-12-09,CUST4965,South,Washing Machine,Home Appliances,6,413.03,2478.18,2024,12,Dec,2024-12
13919,2024-01-14,CUST6316,South,Rice,Groceries,4,19.2,76.8,2024,1,Jan,2024-01
9932,2023-02-01,CUST5152,South,T-Shirt,Clothing,6,28.37,170.22,2023,2,Feb,2023-02
7043,2024-10-11,CUST1756,South,Football,Sports,5,202.25,1011.25,2024,10,Oct,2024-10
12521,2024-03-30,CUST4861,South,Eggs,Groceries,1,15.38,15.38,2024,3,Mar,2024-03
12405,2022-02-25,CUST9374,North,Gym Equipment,Sports,7,17.85,124.95000000000002,2022,2,Feb,2022-02
8216,2022-09-22,CUST2672,West,Football,Sports,7,64.69,452.83,2022,9,Sep,2022-09
6052,2024-01-14,CUST4486,North,Football,Sports,2,121.77,243.54,2024,1,Jan,2024-01
6978,2024-06-06,CUST8596,West,Air Conditioner,Home Appliances,5,572.23,2861.15,2024,6,Jun,2024-06
13302,2023-12-03,CUST9831,North,Refrigerator,Home Appliances,7,623.64,4365.48,2023,12,Dec,2023-12
6271,2022-09-08,CUST2620,South,Jeans,Clothing,4,116.71,466.84,2022,9,Sep,2022-09
7454,2022-06-25,CUST6580,South,Eggs,Groceries,3,19.41,58.230000000000004,2022,6,Jun,2022-06
7272,2022-09-07,CUST8047,North,Shoes,Clothing,2,104.94,209.88,2022,9,Sep,2022-09
12369,2024-07-25,CUST7943,West,Gym Equipment,Sports,1,188.35,188.35,2024,7,Jul,2024-07
4124,2023-12-02,CUST3441,South,Vegetables,Groceries,5,16.72,83.6,2023,12,Dec,2023-12
1140,2024-07-09,CUST2469,North,Laptop,Electronics,3,1071.51,3214.5299999999997,2024,7,Jul,2024-07
5293,2022-03-31,CUST4512,East,Shoes,Clothing,7,109.48,766.36,2022,3,Mar,2022-03
7748,2024-06-24,CUST8829,North,Blender,Home Appliances,2,1013.15,2026.3,2024,6,Jun,2024-06
12715,2024-06-13,CUST7632,West,Smartphone,Electronics,7,909.12,6363.84,2024,6,Jun,2024-06
10264,2023-04-05,CUST5168,West,Jeans,Clothing,5,122.06,610.3,2023,4,Apr,2023-04
11274,2024-05-22,CUST3113,East,Headphones,Electronics,1,794.65,794.65,2024,5,May,2024-05
5529,2022-11-26,CUST4411,South,Jeans,Clothing,3,65.07,195.20999999999998,2022,11,Nov,2022-11
829,2024-08-08,CUST7326,East,Headphones,Electronics,7,1164.23,8149.610000000001,2024,8,Aug,2024-08
14683,2024-04-19,CUST3016,North,Camera,Electronics,1,1348.81,1348.81,2024,4,Apr,2024-04
3754,2022-11-02,CUST9579,East,Tablet,Electronics,1,1040.65,1040.65,2022,11,Nov,2022-11
7641,2023-12-26,CUST5054,North,Headphones,Electronics,2,1236.36,2472.72,2023,12,Dec,2023-12
12037,2022-10-29,CUST3886,South,Wheat,Groceries,7,15.41,107.87,2022,10,Oct,2022-10
12215,2024-12-27,CUST9090,North,Football,Sports,2,533.87,1067.74,2024,12,Dec,2024-12
1262,2023-05-10,CUST9529,North,Tablet,Electronics,6,365.5,2193.0,2023,5,May,2023-05
4442,2024-10-09,CUST6247,East,T-Shirt,Clothing,3,134.95,404.84999999999997,2024,10,Oct,2024-10
8582,2022-09-05,CUST3894,South,Microwave,Home Appliances,4,1046.04,4184.16,2022,9,Sep,2022-09
7248,2022-01-25,CUST4445,North,Jacket,Clothing,5,143.85,719.25,2022,1,Jan,2022-01
11624,2023-11-12,CUST1571,North,Air Conditioner,Home Appliances,4,481.24,1924.96,2023,11,Nov,2023-11
9821,2022-05-13,CUST7492,South,Tablet,Electronics,6,301.44,1808.6399999999999,2022,5,May,2022-05
11514,2024-08-29,CUST2740,South,Dress,Clothing,3,113.37,340.11,2024,8,Aug,2024-08
14428,2023-05-29,CUST9181,South,Headphones,Electronics,3,1370.96,4112.88,2023,5,May,2023-05
2590,2022-01-03,CUST3003,South,Tablet,Electronics,1,1020.86,1020.86,2022,1,Jan,2022-01
14005,2023-11-03,CUST8232,North,Eggs,Groceries,5,10.71,53.550000000000004,2023,11,Nov,2023-11
7325,2022-04-12,CUST5750,East,Refrigerator,Home Appliances,1,122.36,122.36,2022,4,Apr,2022-04
9404,2022-12-11,CUST4190,South,Camera,Electronics,1,1343.47,1343.47,2022,12,Dec,2022-12
11844,2024-05-07,CUST3627,East,Tennis Racket,Sports,3,301.95,905.8499999999999,2024,5,May,2024-05
5407,2024-10-20,CUST5533,East,Football,Sports,3,117.44,352.32,2024,10,Oct,2024-10
2803,2023-07-15,CUST5809,West,Smartphone,Electronics,6,626.24,3757.44,2023,7,Jul,2023-07
6424,2022-05-30,CUST2287,South,Laptop,Electronics,3,566.46,1699.38,2022,5,May,2022-05
5795,2023-12-28,CUST6018,East,Vegetables,Groceries,6,9.62,57.72,2023,12,Dec,2023-12
2685,2023-07-30,CUST7255,North,Eggs,Groceries,3,5.23,15.690000000000001,2023,7,Jul,2023-07
9903,2022-10-20,CUST5611,South,Vegetables,Groceries,5,10.8,54.0,2022,10,Oct,2022-10
8818,2022-02-04,CUST8783,South,Blender,Home Appliances,1,298.92,298.92,2022,2,Feb,2022-02
3308,2024-10-08,CUST5163,South,Blender,Home Appliances,3,760.74,2282.2200000000003,2024,10,Oct,2024-10
13899,2024-08-29,CUST9625,North,Wheat,Groceries,3,8.04,24.119999999999997,2024,8,Aug,2024-08
4863,2023-05-24,CUST7343,West,Gym Equipment,Sports,4,458.54,1834.16,2023,5,May,2023-05
9738,2024-05-07,CUST8239,North,Cricket Bat,Sports,2,107.34,214.68,2024,5,May,2024-05
477,2023-06-17,CUST8122,West,Microwave,Home Appliances,4,857.92,3431.68,2023,6,Jun,2023-06
11397,2023-07-15,CUST9655,East,T-Shirt,Clothing,5,107.81,539.05,2023,7,Jul,2023-07
4562,2022-05-17,CUST3970,South,Jacket,Clothing,1,41.28,41.28,2022,5,May,2022-05
8197,2023-10-03,CUST8201,North,Laptop,Electronics,2,1336.31,2672.62,2023,10,Oct,2023-10
2010,2022-01-22,CUST3438,East,Football,Sports,2,108.58,217.16,2022,1,Jan,2022-01
4116,2023-12-14,CUST7947,North,Refrigerator,Home Appliances,5,446.08,2230.4,2023,12,Dec,2023-12
9595,2024-06-17,CUST4626,West,Headphones,Electronics,1,425.09,425.09,2024,6,Jun,2024-06
8789,2023-02-07,CUST1009,North,Jacket,Clothing,3,95.57,286.71,2023,2,Feb,2023-02
4707,2022-12-07,CUST5406,West,Air Conditioner,Home Appliances,4,244.31,977.24,2022,12,Dec,2022-12
340,2023-06-18,CUST4537,West,Milk,Groceries,6,15.31,91.86,2023,6,Jun,2023-06
3805,2023-03-14,CUST6737,North,Jeans,Clothing,1,149.56,149.56,2023,3,Mar,2023-03
7515,2024-05-02,CUST8888,West,Vegetables,Groceries,1,15.93,15.93,2024,5,May,2024-05
1684,2023-03-18,CUST9890,North,Washing Machine,Home Appliances,2,312.67,625.34,2023,3,Mar,2023-03
4985,2022-12-11,CUST1788,East,Tennis Racket,Sports,2,257.43,514.86,2022,12,Dec,2022-12
795,2023-10-20,CUST2342,East,Air Conditioner,Home Appliances,3,104.02,312.06,2023,10,Oct,2023-10
10042,2022-06-24,CUST4216,East,Basketball,Sports,6,266.38,1598.28,2022,6,Jun,2022-06
14443,2022-07-02,CUST3926,South,Eggs,Groceries,2,11.67,23.34,2022,7,Jul,2022-07
10310,2023-04-01,CUST7197,East,Camera,Electronics,1,461.53,461.53,2023,4,Apr,2023-04
1035,2023-05-10,CUST2537,East,Microwave,Home Appliances,3,310.22,930.6600000000001,2023,5,May,2023-05
1455,2022-02-18,CUST1144,West,Football,Sports,2,296.46,592.92,2022,2,Feb,2022-02
11147,2024-02-23,CUST4232,South,Rice,Groceries,3,4.94,14.82,2024,2,Feb,2024-02
1535,2022-09-16,CUST9498,West,Football,Sports,7,28.03,196.21,2022,9,Sep,2022-09
8930,2023-10-19,CUST5152,North,Vegetables,Groceries,6,7.39,44.339999999999996,2023,10,Oct,2023-10
9354,2023-05-29,CUST5427,South,Microwave,Home Appliances,6,582.82,3496.92,2023,5,May,2023-05
7485,2022-06-08,CUST5109,South,Smartphone,Electronics,6,270.54,1623.2400000000002,2022,6,Jun,2022-06
10328,2023-08-15,CUST5561,South,Blender,Home Appliances,3,955.61,2866.83,2023,8,Aug,2023-08
5050,2023-04-24,CUST4981,North,Dress,Clothing,3,109.93,329.79,2023,4,Apr,2023-04
3099,2022-04-13,CUST5211,North,Dress,Clothing,7,99.34,695.38,2022,4,Apr,2022-04
169,2023-08-16,CUST3679,South,Blender,Home Appliances,2,928.15,1856.3,2023,8,Aug,2023-08
9842,2023-06-19,CUST9204,West,Milk,Groceries,7,14.31,100.17,2023,6,Jun,2023-06
1494,2024-11-08,CUST3693,East,Football,Sports,2,211.3,422.6,2024,11,Nov,2024-11
7059,2023-11-05,CUST9851,East,Tennis Racket,Sports,2,123.58,247.16,2023,11,Nov,2023-11
9090,2023-10-29,CUST2996,East,Jacket,Clothing,7,137.05,959.3500000000001,2023,10,Oct,2023-10
2967,2022-06-08,CUST2250,West,Rice,Groceries,6,9.37,56.22,2022,6,Jun,2022-06
435,2024-05-30,CUST9767,South,Washing Machine,Home Appliances,6,735.39,4412.34,2024,5,May,2024-05
13845,2024-10-19,CUST4098,East,Dress,Clothing,1,127.11,127.11,2024,10,Oct,2024-10
13998,2024-06-16,CUST9196,South,Rice,Groceries,7,15.63,109.41000000000001,2024,6,Jun,2024-06
10841,2022-02-22,CUST6204,South,Jeans,Clothing,1,74.9,74.9,2022,2,Feb,2022-02
4314,2022-10-25,CUST6484,East,T-Shirt,Clothing,6,80.29,481.74,2022,10,Oct,2022-10
11815,2023-12-16,CUST4211,West,Jacket,Clothing,1,61.46,61.46,2023,12,Dec,2023-12
13442,2023-07-01,CUST1938,West,Tennis Racket,Sports,2,466.43,932.86,2023,7,Jul,2023-07
4078,2022-11-19,CUST2986,North,Wheat,Groceries,2,17.75,35.5,2022,11,Nov,2022-11
14563,2024-10-17,CUST6217,North,Laptop,Electronics,2,1442.59,2885.18,2024,10,Oct,2024-10
13394,2023-11-29,CUST8616,North,T-Shirt,Clothing,5,49.84,249.20000000000002,2023,11,Nov,2023-11
3781,2024-04-23,CUST4135,North,Rice,Groceries,5,5.23,26.150000000000002,2024,4,Apr,2024-04
5387,2023-05-27,CUST8597,East,Blender,Home Appliances,1,706.81,706.81,2023,5,May,2023-05
7535,2024-05-30,CUST5542,South,Smartphone,Electronics,3,1173.03,3519.09,2024,5,May,2024-05
926,2024-04-24,CUST6812,North,Camera,Electronics,5,1025.72,5128.6,2024,4,Apr,2024-04
9103,2024-12-11,CUST7026,West,Camera,Electronics,4,992.33,3969.32,2024,12,Dec,2024-12
7337,2024-07-25,CUST6444,North,Laptop,Electronics,2,490.15,980.3,2024,7,Jul,2024-07
13573,2022-12-05,CUST3702,East,Wheat,Groceries,5,10.95,54.75,2022,12,Dec,2022-12
11098,2022-01-20,CUST7899,West,Jeans,Clothing,6,33.98,203.88,2022,1,Jan,2022-01
9101,2022-10-17,CUST5597,West,Tennis Racket,Sports,6,459.53,2757.18,2022,10,Oct,2022-10
1108,2024-05-25,CUST8095,West,Jacket,Clothing,1,142.47,142.47,2024,5,May,2024-05
1054,2024-02-12,CUST7862,East,Tablet,Electronics,4,1118.45,4473.8,2024,2,Feb,2024-02
8607,2024-04-19,CUST5426,East,Gym Equipment,Sports,6,425.6,2553.6000000000004,2024,4,Apr,2024-04
4216,2023-03-31,CUST5994,East,T-Shirt,Clothing,4,69.19,276.76,2023,3,Mar,2023-03
13830,2022-10-10,CUST2487,North,Laptop,Electronics,5,506.77,2533.85,2022,10,Oct,2022-10
10897,2024-05-25,CUST5780,South,Refrigerator,Home Appliances,2,377.79,755.58,2024,5,May,2024-05
1023,2023-05-26,CUST4618,South,Cricket Bat,Sports,5,138.85,694.25,2023,5,May,2023-05
14702,2023-06-16,CUST2676,North,Jeans,Clothing,2,63.63,127.26,2023,6,Jun,2023-06
10674,2024-04-13,CUST2634,East,Blender,Home Appliances,5,493.33,2466.65,2024,4,Apr,2024-04
6670,2022-01-16,CUST7436,South,Smartphone,Electronics,7,731.82,5122.740000000001,2022,1,Jan,2022-01
5026,2023-12-25,CUST6273,South,Vegetables,Groceries,1,16.07,16.07,2023,12,Dec,2023-12
8604,2024-08-29,CUST3560,South,T-Shirt,Clothing,7,111.03,777.21,2024,8,Aug,2024-08
6078,2024-12-07,CUST4022,North,Tennis Racket,Sports,4,107.34,429.36,2024,12,Dec,2024-12
2513,2023-02-03,CUST1580,East,Eggs,Groceries,1,5.23,5.23,2023,2,Feb,2023-02
4245,2022-04-07,CUST6980,East,Dress,Clothing,6,79.34,476.04,2022,4,Apr,2022-04
6422,2023-11-16,CUST4658,West,Blender,Home Appliances,2,248.25,496.5,2023,11,Nov,2023-11
2202,2023-12-03,CUST2368,East,T-Shirt,Clothing,6,55.97,335.82,2023,12,Dec,2023-12
7822,2024-01-28,CUST7189,North,Jeans,Clothing,7,83.26,582.82,2024,1,Jan,2024-01
14007,2022-07-16,CUST1677,West,Laptop,Electronics,2,1207.51,2415.02,2022,7,Jul,2022-07
7979,2023-05-29,CUST1665,East,Gym Equipment,Sports,4,205.9,823.6,2023,5,May,2023-05
4514,2023-05-31,CUST8675,West,Headphones,Electronics,5,173.88,869.4,2023,5,May,2023-05
4673,2023-06-25,CUST1510,West,Microwave,Home Appliances,6,868.4,5210.4,2023,6,Jun,2023-06
12528,2022-10-06,CUST5011,West,Blender,Home Appliances,6,1029.84,6179.039999999999,2022,10,Oct,2022-10
9751,2024-10-02,CUST7250,North,Gym Equipment,Sports,3,57.35,172.05,2024,10,Oct,2024-10
469,2024-04-29,CUST8016,West,Refrigerator,Home Appliances,4,621.2,2484.8,2024,4,Apr,2024-04
3370,2022-01-29,CUST3088,East,Eggs,Groceries,7,17.29,121.03,2022,1,Jan,2022-01
13153,2022-10-05,CUST5077,South,Camera,Electronics,3,448.16,1344.48,2022,10,Oct,2022-10
11104,2024-06-25,CUST2482,North,Wheat,Groceries,6,9.83,58.980000000000004,2024,6,Jun,2024-06
13779,2024-11-27,CUST3648,East,Tennis Racket,Sports,1,524.02,524.02,2024,11,Nov,2024-11
13409,2022-10-01,CUST6947,North,Rice,Groceries,2,8.27,16.54,2022,10,Oct,2022-10
4979,2022-08-29,CUST9372,West,Blender,Home Appliances,2,307.5,615.0,2022,8,Aug,2022-08
13138,2023-04-26,CUST2147,South,Smartphone,Electronics,7,533.92,3737.4399999999996,2023,4,Apr,2023-04
6283,2022-11-16,CUST2927,South,Headphones,Electronics,2,402.88,805.76,2022,11,Nov,2022-11
6598,2024-12-07,CUST3887,South,Football,Sports,7,443.71,3105.97,2024,12,Dec,2024-12
3480,2024-06-04,CUST1372,North,Wheat,Groceries,1,1.98,1.98,2024,6,Jun,2024-06
12880,2024-05-13,CUST3594,South,Headphones,Electronics,2,1006.13,2012.26,2024,5,May,2024-05
5793,2024-08-15,CUST1760,South,Vegetables,Groceries,6,12.86,77.16,2024,8,Aug,2024-08
14075,2024-08-07,CUST7431,West,Headphones,Electronics,1,1208.72,1208.72,2024,8,Aug,2024-08
13216,2024-03-03,CUST4289,East,Jacket,Clothing,3,117.82,353.46,2024,3,Mar,2024-03
6726,2023-03-23,CUST2925,West,Tennis Racket,Sports,7,313.3,2193.1,2023,3,Mar,2023-03
5196,2024-10-09,CUST3162,East,Jeans,Clothing,1,133.06,133.06,2024,10,Oct,2024-10
519,2024-03-01,CUST9275,South,Dress,Clothing,5,116.84,584.2,2024,3,Mar,2024-03
440,2023-10-08,CUST1785,West,Cricket Bat,Sports,4,198.67,794.68,2023,10,Oct,2023-10
2862,2023-09-09,CUST3418,South,T-Shirt,Clothing,5,34.17,170.85000000000002,2023,9,Sep,2023-09
11145,2023-11-13,CUST2466,South,Headphones,Electronics,4,444.6,1778.4,2023,11,Nov,2023-11
11286,2024-11-15,CUST1678,South,Washing Machine,Home Appliances,6,429.57,2577.42,2024,11,Nov,2024-11
12573,2022-02-23,CUST4521,West,Camera,Electronics,4,803.03,3212.12,2022,2,Feb,2022-02
14382,2023-04-20,CUST7350,South,Football,Sports,7,182.0,1274.0,2023,4,Apr,2023-04
9939,2022-08-18,CUST6388,South,Smartphone,Electronics,2,502.11,1004.22,2022,8,Aug,2022-08
14482,2022-07-03,CUST5694,East,Basketball,Sports,5,248.71,1243.55,2022,7,Jul,2022-07
8383,2023-04-21,CUST5500,East,Basketball,Sports,5,487.17,2435.85,2023,4,Apr,2023-04
10110,2023-11-05,CUST3792,North,Dress,Clothing,4,23.72,94.88,2023,11,Nov,2023-11
2381,2023-07-08,CUST6253,West,Milk,Groceries,1,8.83,8.83,2023,7,Jul,2023-07
28,2022-10-21,CUST9004,West,Milk,Groceries,3,5.6,16.799999999999997,2022,10,Oct,2022-10
11627,2023-08-17,CUST8230,North,Vegetables,Groceries,1,1.68,1.68,2023,8,Aug,2023-08
6956,2022-04-13,CUST2735,West,Refrigerator,Home Appliances,4,1127.86,4511.44,2022,4,Apr,2022-04
903,2023-06-30,CUST7665,North,Shoes,Clothing,6,83.86,503.15999999999997,2023,6,Jun,2023-06
5036,2023-07-12,CUST5291,East,Microwave,Home Appliances,7,82.39,576.73,2023,7,Jul,2023-07
4852,2022-07-02,CUST8663,West,Football,Sports,1,422.74,422.74,2022,7,Jul,2022-07
13790,2024-12-05,CUST4974,North,Tablet,Electronics,2,1209.18,2418.36,2024,12,Dec,2024-12
2609,2024-09-11,CUST6789,South,Wheat,Groceries,3,12.72,38.160000000000004,2024,9,Sep,2024-09
11966,2023-08-29,CUST3936,West,Tablet,Electronics,7,1344.47,9411.29,2023,8,Aug,2023-08
9233,2022-05-09,CUST3026,South,Microwave,Home Appliances,1,332.05,332.05,2022,5,May,2022-05
12194,2023-09-10,CUST3255,East,Camera,Electronics,3,498.47,1495.41,2023,9,Sep,2023-09
2532,2023-01-26,CUST7828,West,Shoes,Clothing,5,72.93,364.65000000000003,2023,1,Jan,2023-01
3703,2023-11-19,CUST4447,West,Microwave,Home Appliances,5,519.68,2598.3999999999996,2023,11,Nov,2023-11
12849,2024-05-30,CUST1604,North,Basketball,Sports,4,474.34,1897.36,2024,5,May,2024-05
2110,2022-11-28,CUST6267,West,Wheat,Groceries,1,4.29,4.29,2022,11,Nov,2022-11
11414,2023-10-10,CUST7751,South,Vegetables,Groceries,1,6.71,6.71,2023,10,Oct,2023-10
6221,2023-09-22,CUST1851,South,Jeans,Clothing,3,29.44,88.32000000000001,2023,9,Sep,2023-09
2345,2022-04-17,CUST3669,East,Blender,Home Appliances,5,719.44,3597.2000000000003,2022,4,Apr,2022-04
14666,2023-08-17,CUST7321,East,Gym Equipment,Sports,3,512.59,1537.77,2023,8,Aug,2023-08
7884,2022-12-05,CUST1112,South,Cricket Bat,Sports,7,497.68,3483.76,2022,12,Dec,2022-12
11319,2023-08-06,CUST2357,South,Jeans,Clothing,5,76.71,383.54999999999995,2023,8,Aug,2023-08
8086,2024-01-23,CUST8576,East,Camera,Electronics,5,1108.0,5540.0,2024,1,Jan,2024-01
2413,2024-09-17,CUST9219,East,T-Shirt,Clothing,2,67.49,134.98,2024,9,Sep,2024-09
12927,2024-10-23,CUST8928,North,Camera,Electronics,1,758.51,758.51,2024,10,Oct,2024-10
1062,2024-02-13,CUST5006,South,Cricket Bat,Sports,6,501.56,3009.36,2024,2,Feb,2024-02
6587,2024-04-30,CUST6614,North,Headphones,Electronics,1,772.86,772.86,2024,4,Apr,2024-04
2716,2022-07-22,CUST2517,West,Camera,Electronics,5,701.35,3506.75,2022,7,Jul,2022-07
14875,2024-09-19,CUST1631,East,Blender,Home Appliances,5,496.88,2484.4,2024,9,Sep,2024-09
7096,2024-07-07,CUST1376,South,Wheat,Groceries,7,19.59,137.13,2024,7,Jul,2024-07
5385,2023-12-20,CUST5038,South,Air Conditioner,Home Appliances,7,252.0,1764.0,2023,12,Dec,2023-12
12133,2022-02-06,CUST2990,West,Jeans,Clothing,1,86.02,86.02,2022,2,Feb,2022-02
3509,2023-08-18,CUST5231,East,Shoes,Clothing,4,90.04,360.16,2023,8,Aug,2023-08
11989,2022-08-11,CUST8451,East,Smartphone,Electronics,1,1317.15,1317.15,2022,8,Aug,2022-08
5338,2024-11-07,CUST7803,East,Gym Equipment,Sports,3,77.32,231.95999999999998,2024,11,Nov,2024-11
9296,2022-06-26,CUST6861,West,Laptop,Electronics,1,444.15,444.15,2022,6,Jun,2022-06
5222,2022-07-22,CUST9323,South,Basketball,Sports,3,75.59,226.77,2022,7,Jul,2022-07
7991,2022-04-22,CUST7818,South,Tablet,Electronics,6,760.54,4563.24,2022,4,Apr,2022-04
6791,2024-04-14,CUST5991,East,Blender,Home Appliances,2,303.31,606.62,2024,4,Apr,2024-04
3144,2024-05-15,CUST6982,East,Shoes,Clothing,2,36.63,73.26,2024,5,May,2024-05
14720,2024-12-10,CUST7914,South,Microwave,Home Appliances,5,121.25,606.25,2024,12,Dec,2024-12
5466,2022-07-25,CUST6409,West,Vegetables,Groceries,4,11.63,46.52,2022,7,Jul,2022-07
3861,2022-05-20,CUST4132,South,Camera,Electronics,3,437.45,1312.35,2022,5,May,2022-05
5454,2022-07-03,CUST4128,North,Microwave,Home Appliances,1,374.44,374.44,2022,7,Jul,2022-07
8958,2022-07-31,CUST1769,West,Microwave,Home Appliances,1,732.48,732.48,2022,7,Jul,2022-07
14158,2023-08-02,CUST2167,South,Air Conditioner,Home Appliances,3,797.01,2391.0299999999997,2023,8,Aug,2023-08
2013,2022-03-27,CUST2982,South,Milk,Groceries,2,7.25,14.5,2022,3,Mar,2022-03
5864,2022-03-22,CUST1372,South,Eggs,Groceries,5,13.37,66.85,2022,3,Mar,2022-03
6843,2022-10-05,CUST6288,North,Tablet,Electronics,3,1080.34,3241.0199999999995,2022,10,Oct,2022-10
124,2023-09-16,CUST7986,West,Laptop,Electronics,5,287.41,1437.0500000000002,2023,9,Sep,2023-09
11563,2024-07-24,CUST7728,South,Laptop,Electronics,5,1312.18,6560.900000000001,2024,7,Jul,2024-07
10658,2022-10-28,CUST7273,East,Eggs,Groceries,7,17.82,124.74000000000001,2022,10,Oct,2022-10
2933,2022-02-19,CUST3930,East,Camera,Electronics,5,205.48,1027.3999999999999,2022,2,Feb,2022-02
12407,2022-12-24,CUST2950,North,Camera,Electronics,5,1381.93,6909.650000000001,2022,12,Dec,2022-12
11263,2023-06-16,CUST9512,West,Refrigerator,Home Appliances,6,1038.26,6229.5599999999995,2023,6,Jun,2023-06
8125,2024-08-03,CUST2222,East,Cricket Bat,Sports,2,71.49,142.98,2024,8,Aug,2024-08
274,2024-04-07,CUST6592,North,Wheat,Groceries,7,11.71,81.97,2024,4,Apr,2024-04
3563,2023-01-30,CUST6773,North,Microwave,Home Appliances,6,675.36,4052.16,2023,1,Jan,2023-01
3039,2023-02-04,CUST7389,East,Jacket,Clothing,6,73.09,438.54,2023,2,Feb,2023-02
3648,2022-03-30,CUST1506,North,Refrigerator,Home Appliances,4,307.69,1230.76,2022,3,Mar,2022-03
2630,2022-03-17,CUST1189,East,Blender,Home Appliances,5,474.73,2373.65,2022,3,Mar,2022-03
9293,2022-01-28,CUST3631,North,Rice,Groceries,1,2.97,2.97,2022,1,Jan,2022-01
5981,2024-12-04,CUST5223,West,Smartphone,Electronics,3,1316.41,3949.2300000000005,2024,12,Dec,2024-12
4818,2023-05-04,CUST2357,South,Cricket Bat,Sports,2,322.4,644.8,2023,5,May,2023-05
2610,2023-04-24,CUST9896,North,Wheat,Groceries,5,1.95,9.75,2023,4,Apr,2023-04
11958,2023-06-18,CUST5368,East,Gym Equipment,Sports,1,329.11,329.11,2023,6,Jun,2023-06
4851,2022-02-13,CUST5263,East,Refrigerator,Home Appliances,7,833.7,5835.900000000001,2022,2,Feb,2022-02
3647,2022-09-02,CUST9276,West,Laptop,Electronics,5,717.69,3588.4500000000003,2022,9,Sep,2022-09
14699,2022-03-05,CUST9654,South,Eggs,Groceries,6,4.0,24.0,2022,3,Mar,2022-03
4631,2023-05-21,CUST1190,East,Washing Machine,Home Appliances,5,831.53,4157.65,2023,5,May,2023-05
8226,2024-03-08,CUST8341,South,Dress,Clothing,3,132.93,398.79,2024,3,Mar,2024-03
14041,2022-08-12,CUST5175,West,Shoes,Clothing,7,95.91,671.37,2022,8,Aug,2022-08
10307,2024-05-15,CUST3739,West,Milk,Groceries,4,19.0,76.0,2024,5,May,2024-05
10729,2023-04-13,CUST8670,West,Wheat,Groceries,3,11.26,33.78,2023,4,Apr,2023-04
10735,2024-12-12,CUST7068,South,Camera,Electronics,4,240.57,962.28,2024,12,Dec,2024-12
5577,2024-03-26,CUST8776,East,Blender,Home Appliances,4,325.89,1303.56,2024,3,Mar,2024-03
11258,2024-07-15,CUST2672,West,Wheat,Groceries,6,2.88,17.28,2024,7,Jul,2024-07
6128,2022-02-11,CUST7195,South,Football,Sports,1,41.22,41.22,2022,2,Feb,2022-02
2754,2024-10-09,CUST9294,West,Jacket,Clothing,7,31.3,219.1,2024,10,Oct,2024-10
20,2023-08-01,CUST3693,South,Air Conditioner,Home Appliances,4,1134.28,4537.12,2023,8,Aug,2023-08
9675,2022-12-22,CUST3693,East,Milk,Groceries,4,19.02,76.08,2022,12,Dec,2022-12
13918,2024-10-23,CUST5235,East,Vegetables,Groceries,1,5.94,5.94,2024,10,Oct,2024-10
8680,2024-01-30,CUST6149,South,Washing Machine,Home Appliances,4,244.54,978.16,2024,1,Jan,2024-01
13867,2022-06-08,CUST6782,North,Air Conditioner,Home Appliances,6,196.81,1180.8600000000001,2022,6,Jun,2022-06
2361,2022-02-04,CUST3246,East,Cricket Bat,Sports,1,241.52,241.52,2022,2,Feb,2022-02
6144,2022-12-30,CUST7417,South,Shoes,Clothing,2,89.37,178.74,2022,12,Dec,2022-12
7912,2022-05-13,CUST6346,West,Shoes,Clothing,6,147.94,887.64,2022,5,May,2022-05
11980,2024-04-20,CUST5212,West,Rice,Groceries,7,10.83,75.81,2024,4,Apr,2024-04
14999,2024-01-14,CUST1872,West,Vegetables,Groceries,3,4.04,12.120000000000001,2024,1,Jan,2024-01
1804,2024-05-21,CUST1863,East,Laptop,Electronics,2,737.88,1475.76,2024,5,May,2024-05
8288,2024-10-08,CUST1834,East,Gym Equipment,Sports,5,329.75,1648.75,2024,10,Oct,2024-10
908,2024-01-10,CUST6127,South,Jeans,Clothing,3,29.09,87.27,2024,1,Jan,2024-01
9239,2023-08-27,CUST5461,East,Headphones,Electronics,5,1194.72,5973.6,2023,8,Aug,2023-08
12792,2022-03-27,CUST2545,North,Washing Machine,Home Appliances,6,1146.2,6877.200000000001,2022,3,Mar,2022-03
10550,2024-04-24,CUST5109,North,Gym Equipment,Sports,3,78.63,235.89,2024,4,Apr,2024-04
11299,2024-12-02,CUST9475,East,Tennis Racket,Sports,7,330.78,2315.46,2024,12,Dec,2024-12
2086,2024-05-01,CUST3670,West,Camera,Electronics,2,605.84,1211.68,2024,5,May,2024-05
11645,2024-04-29,CUST7466,West,Air Conditioner,Home Appliances,3,1131.0,3393.0,2024,4,Apr,2024-04
9268,2024-04-16,CUST3559,South,Blender,Home Appliances,7,776.81,5437.67,2024,4,Apr,2024-04
2216,2023-05-05,CUST4959,East,Dress,Clothing,5,134.49,672.45,2023,5,May,2023-05
1576,2023-03-24,CUST8963,West,Tennis Racket,Sports,2,162.46,324.92,2023,3,Mar,2023-03
9318,2023-10-21,CUST5661,North,Eggs,Groceries,4,5.2,20.8,2023,10,Oct,2023-10
11290,2022-05-03,CUST2918,South,Cricket Bat,Sports,4,43.58,174.32,2022,5,May,2022-05
10304,2022-04-10,CUST6172,South,Dress,Clothing,5,142.27,711.35,2022,4,Apr,2022-04
8410,2022-06-11,CUST2185,East,Headphones,Electronics,3,1313.7,3941.1000000000004,2022,6,Jun,2022-06
5533,2022-06-11,CUST1785,West,Jacket,Clothing,5,124.16,620.8,2022,6,Jun,2022-06
1248,2024-12-06,CUST3987,South,Milk,Groceries,4,12.69,50.76,2024,12,Dec,2024-12
2520,2022-04-07,CUST8806,South,Refrigerator,Home Appliances,7,281.92,1973.44,2022,4,Apr,2022-04
7299,2023-05-13,CUST2490,East,Rice,Groceries,7,3.11,21.77,2023,5,May,2023-05
7582,2023-07-18,CUST3410,East,Rice,Groceries,5,8.83,44.15,2023,7,Jul,2023-07
5624,2024-08-11,CUST6855,West,Gym Equipment,Sports,7,496.04,3472.28,2024,8,Aug,2024-08
3289,2024-09-30,CUST6344,West,Air Conditioner,Home Appliances,2,295.47,590.94,2024,9,Sep,2024-09
3323,2024-02-25,CUST3838,North,Basketball,Sports,5,598.61,2993.05,2024,2,Feb,2024-02
13579,2024-09-11,CUST2170,South,Tablet,Electronics,1,1455.86,1455.86,2024,9,Sep,2024-09
11283,2024-07-28,CUST7488,North,Headphones,Electronics,6,1454.27,8725.619999999999,2024,7,Jul,2024-07
12850,2022-11-15,CUST3924,North,Shoes,Clothing,2,11.92,23.84,2022,11,Nov,2022-11
9863,2023-05-02,CUST9166,North,Microwave,Home Appliances,1,1104.46,1104.46,2023,5,May,2023-05
6833,2022-06-30,CUST8239,South,Vegetables,Groceries,3,10.84,32.519999999999996,2022,6,Jun,2022-06
5091,2024-07-05,CUST6147,North,Jacket,Clothing,3,33.31,99.93,2024,7,Jul,2024-07
9188,2023-09-04,CUST3368,West,Washing Machine,Home Appliances,6,1102.96,6617.76,2023,9,Sep,2023-09
12388,2024-11-02,CUST5177,North,Air Conditioner,Home Appliances,2,1091.21,2182.42,2024,11,Nov,2024-11
11387,2022-08-25,CUST5908,North,Tablet,Electronics,7,1358.87,9512.09,2022,8,Aug,2022-08
609,2022-06-05,CUST1922,North,Air Conditioner,Home Appliances,1,658.03,658.03,2022,6,Jun,2022-06
6349,2022-04-03,CUST4366,South,Tablet,Electronics,6,255.75,1534.5,2022,4,Apr,2022-04
13982,2024-07-15,CUST3221,East,Tablet,Electronics,7,1036.88,7258.160000000001,2024,7,Jul,2024-07
12472,2023-11-06,CUST5423,South,Dress,Clothing,4,71.99,287.96,2023,11,Nov,2023-11
12826,2024-10-22,CUST3541,East,T-Shirt,Clothing,3,44.49,133.47,2024,10,Oct,2024-10
3479,2024-01-27,CUST8333,North,Blender,Home Appliances,2,943.98,1887.96,2024,1,Jan,2024-01
12513,2022-04-02,CUST9488,North,Blender,Home Appliances,6,625.48,3752.88,2022,4,Apr,2022-04
219,2024-01-01,CUST2040,West,Eggs,Groceries,4,2.29,9.16,2024,1,Jan,2024-01
5490,2023-05-18,CUST7370,South,Basketball,Sports,2,181.99,363.98,2023,5,May,2023-05
10634,2022-03-29,CUST3146,North,Tennis Racket,Sports,1,470.41,470.41,2022,3,Mar,2022-03
10977,2024-08-16,CUST2682,South,Jeans,Clothing,5,81.02,405.09999999999997,2024,8,Aug,2024-08
8371,2022-11-25,CUST4019,North,Jeans,Clothing,7,55.23,386.60999999999996,2022,11,Nov,2022-11
13277,2024-01-21,CUST5826,North,Vegetables,Groceries,4,15.54,62.16,2024,1,Jan,2024-01
328,2024-07-28,CUST7230,North,Vegetables,Groceries,3,3.01,9.03,2024,7,Jul,2024-07
11455,2024-03-20,CUST8220,South,Smartphone,Electronics,2,376.75,753.5,2024,3,Mar,2024-03
12348,2024-12-31,CUST7463,South,Tablet,Electronics,1,1045.33,1045.33,2024,12,Dec,2024-12
7637,2023-11-08,CUST8819,East,Laptop,Electronics,6,1003.48,6020.88,2023,11,Nov,2023-11
3949,2024-04-17,CUST9591,North,T-Shirt,Clothing,1,129.95,129.95,2024,4,Apr,2024-04
5636,2023-05-04,CUST2371,South,Rice,Groceries,4,1.95,7.8,2023,5,May,2023-05
8673,2023-01-10,CUST1645,West,Football,Sports,2,438.43,876.86,2023,1,Jan,2023-01
2158,2022-08-04,CUST7704,North,Basketball,Sports,7,261.96,1833.7199999999998,2022,8,Aug,2022-08
6293,2022-05-02,CUST7720,East,Air Conditioner,Home Appliances,1,827.97,827.97,2022,5,May,2022-05
8512,2024-07-29,CUST2524,North,Shoes,Clothing,5,82.04,410.20000000000005,2024,7,Jul,2024-07
14555,2022-06-15,CUST3992,North,Blender,Home Appliances,2,309.39,618.78,2022,6,Jun,2022-06
12754,2022-04-05,CUST2458,West,Laptop,Electronics,1,1270.92,1270.92,2022,4,Apr,2022-04
5951,2023-10-30,CUST9545,East,Dress,Clothing,7,16.71,116.97,2023,10,Oct,2023-10
1770,2022-03-31,CUST2251,West,Dress,Clothing,7,117.08,819.56,2022,3,Mar,2022-03
12318,2022-03-05,CUST3992,South,Refrigerator,Home Appliances,2,1074.38,2148.76,2022,3,Mar,2022-03
9662,2022-08-08,CUST6106,North,Wheat,Groceries,4,2.0,8.0,2022,8,Aug,2022-08
3964,2024-12-29,CUST9638,South,Air Conditioner,Home Appliances,1,1133.98,1133.98,2024,12,Dec,2024-12
13204,2022-09-01,CUST2816,East,Headphones,Electronics,2,760.52,1521.04,2022,9,Sep,2022-09
9020,2024-03-29,CUST8352,North,Blender,Home Appliances,7,772.45,5407.150000000001,2024,3,Mar,2024-03
2272,2023-08-21,CUST6769,North,Eggs,Groceries,3,6.13,18.39,2023,8,Aug,2023-08
5764,2024-03-06,CUST5667,West,Washing Machine,Home Appliances,2,1020.7,2041.4,2024,3,Mar,2024-03
6890,2022-01-13,CUST5526,North,Laptop,Electronics,4,454.58,1818.32,2022,1,Jan,2022-01
13121,2022-04-11,CUST1858,West,Microwave,Home Appliances,4,1113.78,4455.12,2022,4,Apr,2022-04
9680,2024-01-13,CUST4227,East,T-Shirt,Clothing,5,93.54,467.70000000000005,2024,1,Jan,2024-01
9213,2024-08-15,CUST4749,West,Vegetables,Groceries,5,9.82,49.1,2024,8,Aug,2024-08
3711,2024-05-01,CUST5940,West,Rice,Groceries,2,11.56,23.12,2024,5,May,2024-05
4541,2023-01-24,CUST9729,East,Jacket,Clothing,3,79.26,237.78000000000003,2023,1,Jan,2023-01
5810,2023-02-18,CUST4581,East,Jeans,Clothing,7,105.66,739.62,2023,2,Feb,2023-02
1124,2024-02-14,CUST2724,East,Blender,Home Appliances,3,532.4,1597.1999999999998,2024,2,Feb,2024-02
12581,2024-09-17,CUST3435,East,Eggs,Groceries,5,17.54,87.69999999999999,2024,9,Sep,2024-09
1324,2022-02-01,CUST5332,West,Jacket,Clothing,4,90.29,361.16,2022,2,Feb,2022-02
8890,2023-01-27,CUST1915,West,T-Shirt,Clothing,7,19.61,137.26999999999998,2023,1,Jan,2023-01
13606,2024-02-10,CUST5207,South,Air Conditioner,Home Appliances,3,724.69,2174.07,2024,2,Feb,2024-02
12358,2022-05-02,CUST9202,West,Air Conditioner,Home Appliances,3,507.78,1523.34,2022,5,May,2022-05
6148,2023-05-20,CUST2987,West,Jeans,Clothing,3,20.93,62.79,2023,5,May,2023-05
7904,2022-03-29,CUST9523,West,Camera,Electronics,2,365.6,731.2,2022,3,Mar,2022-03
10890,2022-11-09,CUST1662,West,Tennis Racket,Sports,4,140.08,560.32,2022,11,Nov,2022-11
3121,2024-08-31,CUST7228,South,Tablet,Electronics,4,1167.39,4669.56,2024,8,Aug,2024-08
189,2024-04-06,CUST2500,East,Football,Sports,3,555.77,1667.31,2024,4,Apr,2024-04
14922,2022-08-21,CUST3284,South,Laptop,Electronics,3,290.62,871.86,2022,8,Aug,2022-08
7498,2024-06-08,CUST5935,South,Football,Sports,5,153.06,765.3,2024,6,Jun,2024-06
14360,2022-07-05,CUST5522,East,Jeans,Clothing,7,33.54,234.78,2022,7,Jul,2022-07
5475,2022-01-15,CUST9298,East,Milk,Groceries,1,3.04,3.04,2022,1,Jan,2022-01
6649,2023-07-15,CUST4110,North,Dress,Clothing,5,64.88,324.4,2023,7,Jul,2023-07
4203,2022-07-02,CUST8713,West,Eggs,Groceries,5,7.0,35.0,2022,7,Jul,2022-07
4234,2024-10-24,CUST1350,East,Jacket,Clothing,1,63.03,63.03,2024,10,Oct,2024-10
12205,2024-09-03,CUST1994,East,Laptop,Electronics,4,1005.29,4021.16,2024,9,Sep,2024-09
13436,2023-06-22,CUST9681,West,Smartphone,Electronics,7,1187.49,8312.43,2023,6,Jun,2023-06
3215,2023-11-11,CUST8562,North,Gym Equipment,Sports,4,553.67,2214.68,2023,11,Nov,2023-11
8185,2022-04-07,CUST7550,West,Blender,Home Appliances,4,796.38,3185.52,2022,4,Apr,2022-04
2677,2022-12-24,CUST1059,West,Jeans,Clothing,2,92.07,184.14,2022,12,Dec,2022-12
10491,2022-05-31,CUST6712,West,Tablet,Electronics,6,222.61,1335.66,2022,5,May,2022-05
4041,2024-06-02,CUST7402,South,Headphones,Electronics,1,1258.61,1258.61,2024,6,Jun,2024-06
13030,2024-06-15,CUST1999,East,Football,Sports,7,334.36,2340.52,2024,6,Jun,2024-06
6897,2024-10-13,CUST3702,West,Tablet,Electronics,5,1202.93,6014.650000000001,2024,10,Oct,2024-10
10753,2024-09-22,CUST4147,North,Camera,Electronics,1,1139.48,1139.48,2024,9,Sep,2024-09
2326,2023-05-11,CUST8513,South,Rice,Groceries,4,6.56,26.24,2023,5,May,2023-05
374,2022-07-17,CUST4648,South,Laptop,Electronics,1,977.42,977.42,2022,7,Jul,2022-07
4830,2024-04-26,CUST1807,East,T-Shirt,Clothing,7,81.56,570.9200000000001,2024,4,Apr,2024-04
2316,2024-07-06,CUST4191,North,Washing Machine,Home Appliances,1,300.11,300.11,2024,7,Jul,2024-07
3356,2022-05-14,CUST5492,East,Shoes,Clothing,3,129.26,387.78,2022,5,May,2022-05
9319,2023-01-19,CUST3708,West,Gym Equipment,Sports,2,379.27,758.54,2023,1,Jan,2023-01
2502,2022-08-04,CUST3427,North,Headphones,Electronics,5,1248.4,6242.0,2022,8,Aug,2022-08
10156,2022-12-18,CUST1700,East,Headphones,Electronics,2,1382.22,2764.44,2022,12,Dec,2022-12
12983,2023-04-02,CUST5440,South,Basketball,Sports,5,396.72,1983.6000000000001,2023,4,Apr,2023-04
7804,2022-07-21,CUST4624,North,Laptop,Electronics,3,1435.11,4305.33,2022,7,Jul,2022-07
3257,2023-11-16,CUST7440,North,Vegetables,Groceries,5,10.43,52.15,2023,11,Nov,2023-11
11218,2024-10-15,CUST5630,West,Smartphone,Electronics,7,1019.3,7135.099999999999,2024,10,Oct,2024-10
7361,2022-07-14,CUST1099,South,Washing Machine,Home Appliances,2,730.18,1460.36,2022,7,Jul,2022-07
8564,2023-09-13,CUST1727,South,Laptop,Electronics,2,1081.21,2162.42,2023,9,Sep,2023-09
2770,2024-09-09,CUST4976,North,T-Shirt,Clothing,1,147.08,147.08,2024,9,Sep,2024-09
4831,2022-08-07,CUST9165,North,Wheat,Groceries,3,18.65,55.949999999999996,2022,8,Aug,2022-08
3166,2023-06-03,CUST1088,East,Eggs,Groceries,3,7.6,22.799999999999997,2023,6,Jun,2023-06
5345,2023-03-19,CUST9567,North,Tennis Racket,Sports,3,215.82,647.46,2023,3,Mar,2023-03
5404,2023-02-19,CUST4654,South,T-Shirt,Clothing,6,124.81,748.86,2023,2,Feb,2023-02
7786,2024-02-29,CUST2268,North,Basketball,Sports,5,552.52,2762.6,2024,2,Feb,2024-02
6988,2024-09-30,CUST2699,South,Camera,Electronics,7,813.58,5695.06,2024,9,Sep,2024-09
3858,2024-01-28,CUST6850,North,Cricket Bat,Sports,3,126.93,380.79,2024,1,Jan,2024-01
14495,2024-02-04,CUST4349,East,Tennis Racket,Sports,2,532.07,1064.14,2024,2,Feb,2024-02
5660,2023-09-29,CUST6312,North,Tennis Racket,Sports,7,231.68,1621.76,2023,9,Sep,2023-09
4047,2022-04-17,CUST3701,West,Vegetables,Groceries,4,14.42,57.68,2022,4,Apr,2022-04
1088,2023-03-29,CUST8478,West,T-Shirt,Clothing,2,131.32,262.64,2023,3,Mar,2023-03
9744,2024-01-21,CUST7565,West,Basketball,Sports,3,77.31,231.93,2024,1,Jan,2024-01
4217,2024-05-31,CUST9509,South,Tablet,Electronics,2,295.02,590.04,2024,5,May,2024-05
9567,2024-05-18,CUST3385,West,Tennis Racket,Sports,7,396.5,2775.5,2024,5,May,2024-05
13077,2022-07-15,CUST2885,South,Camera,Electronics,6,1321.77,7930.62,2022,7,Jul,2022-07
7727,2022-05-18,CUST6593,East,Blender,Home Appliances,7,763.95,5347.650000000001,2022,5,May,2022-05
14223,2022-03-26,CUST3262,South,Wheat,Groceries,6,15.01,90.06,2022,3,Mar,2022-03
4004,2024-07-16,CUST7828,North,Air Conditioner,Home Appliances,1,416.0,416.0,2024,7,Jul,2024-07
1548,2022-08-30,CUST7900,North,Headphones,Electronics,7,512.58,3588.0600000000004,2022,8,Aug,2022-08
5082,2023-12-08,CUST9101,North,Football,Sports,2,140.04,280.08,2023,12,Dec,2023-12
6492,2024-10-11,CUST5896,East,Laptop,Electronics,5,1251.31,6256.549999999999,2024,10,Oct,2024-10
7634,2024-06-30,CUST6736,South,Basketball,Sports,3,100.37,301.11,2024,6,Jun,2024-06
1226,2023-09-13,CUST3956,East,Headphones,Electronics,7,1497.56,10482.92,2023,9,Sep,2023-09
1359,2022-07-22,CUST1415,North,Tennis Racket,Sports,1,146.38,146.38,2022,7,Jul,2022-07
3209,2022-07-17,CUST3779,West,Tablet,Electronics,2,870.24,1740.48,2022,7,Jul,2022-07
1721,2022-11-10,CUST8379,East,Wheat,Groceries,5,15.94,79.7,2022,11,Nov,2022-11
8301,2022-08-02,CUST3352,North,Camera,Electronics,3,1426.36,4279.08,2022,8,Aug,2022-08
11008,2024-06-06,CUST8689,North,Dress,Clothing,1,146.0,146.0,2024,6,Jun,2024-06
10708,2024-11-27,CUST7624,East,Eggs,Groceries,5,1.87,9.350000000000001,2024,11,Nov,2024-11
9606,2024-05-27,CUST6228,West,Tablet,Electronics,1,392.47,392.47,2024,5,May,2024-05
9249,2023-09-03,CUST6054,North,Blender,Home Appliances,2,627.6,1255.2,2023,9,Sep,2023-09
4991,2023-09-14,CUST6189,East,Smartphone,Electronics,3,1253.46,3760.38,2023,9,Sep,2023-09
10857,2024-04-16,CUST9703,East,Gym Equipment,Sports,3,492.62,1477.8600000000001,2024,4,Apr,2024-04
8355,2023-01-13,CUST2666,South,Jeans,Clothing,3,57.65,172.95,2023,1,Jan,2023-01
386,2024-09-16,CUST7509,South,Basketball,Sports,3,198.2,594.5999999999999,2024,9,Sep,2024-09
14952,2022-02-15,CUST5963,West,Refrigerator,Home Appliances,1,1168.5,1168.5,2022,2,Feb,2022-02
5693,2024-12-17,CUST6991,East,Gym Equipment,Sports,1,594.66,594.66,2024,12,Dec,2024-12
9823,2022-04-27,CUST8423,South,Air Conditioner,Home Appliances,2,125.58,251.16,2022,4,Apr,2022-04
8461,2022-02-23,CUST6067,West,Shoes,Clothing,3,47.15,141.45,2022,2,Feb,2022-02
2022,2023-03-13,CUST1662,West,Eggs,Groceries,2,13.56,27.12,2023,3,Mar,2023-03
10363,2024-10-31,CUST9358,East,Milk,Groceries,1,14.11,14.11,2024,10,Oct,2024-10
312,2024-04-25,CUST6777,West,Eggs,Groceries,4,6.92,27.68,2024,4,Apr,2024-04
5901,2023-11-09,CUST9009,West,Gym Equipment,Sports,2,89.86,179.72,2023,11,Nov,2023-11
8884,2023-06-20,CUST2695,South,Dress,Clothing,5,131.42,657.0999999999999,2023,6,Jun,2023-06
11000,2022-01-15,CUST9327,East,Eggs,Groceries,7,8.86,62.019999999999996,2022,1,Jan,2022-01
11251,2022-01-21,CUST6814,West,Jacket,Clothing,6,102.43,614.58,2022,1,Jan,2022-01
13538,2023-05-01,CUST6279,South,Refrigerator,Home Appliances,2,85.53,171.06,2023,5,May,2023-05
10135,2024-08-14,CUST5489,West,Washing Machine,Home Appliances,3,654.1,1962.3000000000002,2024,8,Aug,2024-08
13523,2024-02-20,CUST9692,South,Smartphone,Electronics,4,661.47,2645.88,2024,2,Feb,2024-02
7525,2023-03-05,CUST4247,South,Microwave,Home Appliances,7,503.12,3521.84,2023,3,Mar,2023-03
3847,2024-06-12,CUST3786,East,Milk,Groceries,5,14.64,73.2,2024,6,Jun,2024-06
11913,2023-12-04,CUST9671,South,Wheat,Groceries,1,13.41,13.41,2023,12,Dec,2023-12
931,2022-12-23,CUST2007,West,T-Shirt,Clothing,4,72.42,289.68,2022,12,Dec,2022-12
8002,2024-01-18,CUST2056,West,Shoes,Clothing,1,53.32,53.32,2024,1,Jan,2024-01
7146,2024-02-09,CUST8870,East,Air Conditioner,Home Appliances,2,272.7,545.4,2024,2,Feb,2024-02
10570,2023-12-15,CUST9278,West,Laptop,Electronics,2,313.46,626.92,2023,12,Dec,2023-12
2821,2023-09-20,CUST1531,North,Camera,Electronics,4,1304.03,5216.12,2023,9,Sep,2023-09
2232,2023-05-10,CUST3025,East,Milk,Groceries,6,11.02,66.12,2023,5,May,2023-05
14527,2023-09-28,CUST9454,North,Vegetables,Groceries,1,11.03,11.03,2023,9,Sep,2023-09
13621,2022-08-12,CUST4200,North,Cricket Bat,Sports,3,321.89,965.67,2022,8,Aug,2022-08
11298,2024-10-17,CUST6840,North,Blender,Home Appliances,6,161.43,968.58,2024,10,Oct,2024-10
151,2022-11-09,CUST8970,North,Camera,Electronics,1,427.53,427.53,2022,11,Nov,2022-11
11671,2022-11-06,CUST2690,North,Refrigerator,Home Appliances,1,805.48,805.48,2022,11,Nov,2022-11
13421,2022-11-17,CUST5092,West,Football,Sports,4,359.91,1439.64,2022,11,Nov,2022-11
8115,2023-06-21,CUST9342,North,Tennis Racket,Sports,7,399.23,2794.61,2023,6,Jun,2023-06
9913,2024-06-14,CUST5310,East,Air Conditioner,Home Appliances,1,228.31,228.31,2024,6,Jun,2024-06
1351,2023-12-04,CUST7806,South,Camera,Electronics,3,1343.08,4029.24,2023,12,Dec,2023-12
14272,2023-11-25,CUST2748,East,Smartphone,Electronics,5,1086.7,5433.5,2023,11,Nov,2023-11
3106,2024-05-07,CUST7619,West,Dress,Clothing,1,70.55,70.55,2024,5,May,2024-05
3222,2022-08-01,CUST4827,East,Shoes,Clothing,4,133.89,535.56,2022,8,Aug,2022-08
1954,2022-08-02,CUST6894,West,T-Shirt,Clothing,3,87.01,261.03000000000003,2022,8,Aug,2022-08
5220,2023-06-18,CUST5171,North,Camera,Electronics,5,467.21,2336.0499999999997,2023,6,Jun,2023-06
354,2024-07-15,CUST9623,West,Basketball,Sports,6,589.45,3536.7000000000003,2024,7,Jul,2024-07
2681,2022-09-03,CUST9183,East,Vegetables,Groceries,1,10.75,10.75,2022,9,Sep,2022-09
12190,2024-05-02,CUST7858,East,Basketball,Sports,1,132.17,132.17,2024,5,May,2024-05
13164,2023-04-29,CUST4599,South,Dress,Clothing,6,66.84,401.04,2023,4,Apr,2023-04
6181,2024-05-27,CUST4290,North,Camera,Electronics,2,428.73,857.46,2024,5,May,2024-05
8099,2024-02-21,CUST4692,South,Vegetables,Groceries,2,1.92,3.84,2024,2,Feb,2024-02
1715,2023-07-10,CUST3049,West,Air Conditioner,Home Appliances,2,579.79,1159.58,2023,7,Jul,2023-07
14039,2024-09-27,CUST3822,East,Blender,Home Appliances,6,313.24,1879.44,2024,9,Sep,2024-09
10444,2024-02-10,CUST5177,North,Blender,Home Appliances,4,381.26,1525.04,2024,2,Feb,2024-02
9921,2023-02-27,CUST2451,North,Jeans,Clothing,4,28.8,115.2,2023,2,Feb,2023-02
13445,2023-04-07,CUST3844,East,T-Shirt,Clothing,7,135.62,949.34,2023,4,Apr,2023-04
7088,2022-07-24,CUST4334,West,Tennis Racket,Sports,1,341.56,341.56,2022,7,Jul,2022-07
12630,2022-12-07,CUST2277,West,Smartphone,Electronics,4,672.89,2691.56,2022,12,Dec,2022-12
14811,2023-11-29,CUST5277,West,Refrigerator,Home Appliances,4,767.95,3071.8,2023,11,Nov,2023-11
10288,2023-03-02,CUST9230,East,Tennis Racket,Sports,6,596.28,3577.68,2023,3,Mar,2023-03
15,2022-07-20,CUST4104,West,Jeans,Clothing,1,138.09,138.09,2022,7,Jul,2022-07
13468,2023-01-15,CUST9458,South,Milk,Groceries,5,11.4,57.0,2023,1,Jan,2023-01
11875,2023-02-19,CUST4386,South,Laptop,Electronics,4,286.24,1144.96,2023,2,Feb,2023-02
12389,2024-06-28,CUST2820,East,Camera,Electronics,7,448.97,3142.79,2024,6,Jun,2024-06
534,2024-02-02,CUST3524,North,Dress,Clothing,6,58.24,349.44,2024,2,Feb,2024-02
7529,2022-09-04,CUST9904,West,Cricket Bat,Sports,3,443.09,1329.27,2022,9,Sep,2022-09
2454,2024-05-24,CUST2162,South,Eggs,Groceries,5,15.28,76.39999999999999,2024,5,May,2024-05
3208,2022-08-26,CUST1949,West,Tennis Racket,Sports,5,472.15,2360.75,2022,8,Aug,2022-08
8048,2022-03-23,CUST4755,East,Wheat,Groceries,1,7.0,7.0,2022,3,Mar,2022-03
4334,2023-04-06,CUST3302,East,Laptop,Electronics,4,951.84,3807.36,2023,4,Apr,2023-04
6460,2023-03-20,CUST9624,North,Rice,Groceries,3,14.26,42.78,2023,3,Mar,2023-03
3680,2024-06-14,CUST2446,East,Wheat,Groceries,5,16.33,81.64999999999999,2024,6,Jun,2024-06
1744,2022-12-03,CUST1909,West,Wheat,Groceries,7,10.66,74.62,2022,12,Dec,2022-12
4672,2024-07-12,CUST6723,East,Washing Machine,Home Appliances,3,246.86,740.58,2024,7,Jul,2024-07
8296,2023-09-16,CUST1605,East,Jeans,Clothing,6,111.53,669.1800000000001,2023,9,Sep,2023-09
3367,2023-08-16,CUST4668,West,Shoes,Clothing,7,139.77,978.3900000000001,2023,8,Aug,2023-08
5364,2022-10-31,CUST5786,East,Laptop,Electronics,1,1377.45,1377.45,2022,10,Oct,2022-10
4951,2024-09-21,CUST7987,East,Dress,Clothing,6,42.97,257.82,2024,9,Sep,2024-09
13071,2023-01-09,CUST2502,East,Football,Sports,5,202.44,1012.2,2023,1,Jan,2023-01
9555,2022-06-05,CUST5808,North,Jeans,Clothing,3,136.29,408.87,2022,6,Jun,2022-06
569,2023-07-22,CUST3817,East,Rice,Groceries,6,17.34,104.03999999999999,2023,7,Jul,2023-07
10541,2022-01-23,CUST1143,North,Blender,Home Appliances,3,904.04,2712.12,2022,1,Jan,2022-01
32,2023-07-05,CUST5736,South,Rice,Groceries,1,8.55,8.55,2023,7,Jul,2023-07
12468,2024-07-04,CUST5254,North,Camera,Electronics,5,746.39,3731.95,2024,7,Jul,2024-07
122,2023-09-05,CUST3739,South,Headphones,Electronics,3,661.34,1984.02,2023,9,Sep,2023-09
2817,2023-06-07,CUST8450,West,Tablet,Electronics,2,866.13,1732.26,2023,6,Jun,2023-06
12426,2022-11-25,CUST8017,North,Smartphone,Electronics,1,1391.47,1391.47,2022,11,Nov,2022-11
1471,2023-11-22,CUST5677,West,Basketball,Sports,3,566.67,1700.0099999999998,2023,11,Nov,2023-11
14172,2023-01-15,CUST4949,East,T-Shirt,Clothing,7,64.2,449.40000000000003,2023,1,Jan,2023-01
6211,2022-11-12,CUST5373,North,Microwave,Home Appliances,2,801.75,1603.5,2022,11,Nov,2022-11
13667,2023-08-06,CUST7871,North,Washing Machine,Home Appliances,5,742.75,3713.75,2023,8,Aug,2023-08
12059,2024-11-07,CUST2902,West,Dress,Clothing,7,118.95,832.65,2024,11,Nov,2024-11
12515,2024-11-08,CUST8947,East,Football,Sports,7,565.97,3961.79,2024,11,Nov,2024-11
928,2022-01-11,CUST5516,West,Vegetables,Groceries,6,10.01,60.06,2022,1,Jan,2022-01
361,2022-02-18,CUST9895,North,Air Conditioner,Home Appliances,5,580.99,2904.95,2022,2,Feb,2022-02
14002,2022-05-08,CUST4756,East,Vegetables,Groceries,5,5.51,27.549999999999997,2022,5,May,2022-05
14608,2024-11-26,CUST6685,East,Smartphone,Electronics,7,539.04,3773.2799999999997,2024,11,Nov,2024-11
10552,2024-03-31,CUST2558,East,Dress,Clothing,3,19.45,58.349999999999994,2024,3,Mar,2024-03
733,2022-11-17,CUST6300,East,Laptop,Electronics,3,1489.15,4467.450000000001,2022,11,Nov,2022-11
2814,2024-03-17,CUST2927,East,Laptop,Electronics,1,655.51,655.51,2024,3,Mar,2024-03
2985,2024-03-14,CUST5473,East,T-Shirt,Clothing,1,42.5,42.5,2024,3,Mar,2024-03
9245,2024-10-07,CUST3196,East,T-Shirt,Clothing,7,34.1,238.70000000000002,2024,10,Oct,2024-10
80,2023-08-11,CUST8241,North,Tennis Racket,Sports,3,83.48,250.44,2023,8,Aug,2023-08
3821,2024-07-12,CUST8657,West,Tennis Racket,Sports,6,120.81,724.86,2024,7,Jul,2024-07
2335,2023-02-08,CUST8169,South,Rice,Groceries,7,1.07,7.49,2023,2,Feb,2023-02
411,2022-06-28,CUST2846,West,Tennis Racket,Sports,6,361.14,2166.84,2022,6,Jun,2022-06
8122,2024-12-21,CUST8253,West,Washing Machine,Home Appliances,7,939.1,6573.7,2024,12,Dec,2024-12
4266,2023-07-24,CUST5332,East,T-Shirt,Clothing,2,88.43,176.86,2023,7,Jul,2023-07
12015,2023-09-20,CUST3802,West,Camera,Electronics,7,393.6,2755.2000000000003,2023,9,Sep,2023-09
3523,2022-09-18,CUST5027,South,Camera,Electronics,2,1390.03,2780.06,2022,9,Sep,2022-09
5889,2024-07-04,CUST1298,South,Cricket Bat,Sports,6,303.8,1822.8000000000002,2024,7,Jul,2024-07
3997,2022-03-21,CUST9545,East,Rice,Groceries,1,2.11,2.11,2022,3,Mar,2022-03
2499,2022-07-31,CUST9973,South,Rice,Groceries,6,1.73,10.379999999999999,2022,7,Jul,2022-07
4194,2024-03-28,CUST9978,South,Refrigerator,Home Appliances,4,840.97,3363.88,2024,3,Mar,2024-03
1748,2023-05-10,CUST6510,North,Milk,Groceries,3,8.62,25.86,2023,5,May,2023-05
7551,2024-06-01,CUST9183,South,Smartphone,Electronics,3,985.9,2957.7,2024,6,Jun,2024-06
10165,2023-05-29,CUST2033,East,Tennis Racket,Sports,7,54.54,381.78,2023,5,May,2023-05
3059,2023-08-12,CUST4632,East,Shoes,Clothing,6,57.44,344.64,2023,8,Aug,2023-08
9218,2024-12-29,CUST3005,West,Eggs,Groceries,1,17.83,17.83,2024,12,Dec,2024-12
6157,2023-07-06,CUST8202,West,Vegetables,Groceries,2,10.33,20.66,2023,7,Jul,2023-07
9150,2022-08-25,CUST8458,North,Jeans,Clothing,5,38.78,193.9,2022,8,Aug,2022-08
11195,2024-06-29,CUST9395,North,Basketball,Sports,4,280.89,1123.56,2024,6,Jun,2024-06
4128,2022-05-05,CUST3551,East,Camera,Electronics,3,1294.02,3882.06,2022,5,May,2022-05
13797,2023-12-10,CUST1898,East,Air Conditioner,Home Appliances,3,585.84,1757.52,2023,12,Dec,2023-12
9286,2022-10-16,CUST7115,South,Dress,Clothing,2,124.76,249.52,2022,10,Oct,2022-10
9490,2022-03-04,CUST3350,East,Laptop,Electronics,3,1473.57,4420.71,2022,3,Mar,2022-03
102,2023-05-03,CUST4419,West,Basketball,Sports,6,528.76,3172.56,2023,5,May,2023-05
2120,2024-01-27,CUST4936,North,Eggs,Groceries,5,9.16,45.8,2024,1,Jan,2024-01
11060,2024-08-19,CUST3702,East,T-Shirt,Clothing,6,48.85,293.1,2024,8,Aug,2024-08
13675,2023-08-06,CUST9448,North,Washing Machine,Home Appliances,1,1057.82,1057.82,2023,8,Aug,2023-08
8359,2022-06-03,CUST4114,South,Refrigerator,Home Appliances,3,642.38,1927.1399999999999,2022,6,Jun,2022-06
7820,2023-02-18,CUST8289,South,Dress,Clothing,5,110.79,553.95,2023,2,Feb,2023-02
3380,2023-03-24,CUST7269,West,Shoes,Clothing,5,90.4,452.0,2023,3,Mar,2023-03
4102,2024-04-07,CUST8346,North,Blender,Home Appliances,2,569.53,1139.06,2024,4,Apr,2024-04
4468,2022-08-23,CUST5649,North,Air Conditioner,Home Appliances,4,1009.73,4038.92,2022,8,Aug,2022-08
5829,2023-03-10,CUST9433,West,Laptop,Electronics,4,578.64,2314.56,2023,3,Mar,2023-03
13145,2023-10-10,CUST2326,South,Basketball,Sports,5,122.53,612.65,2023,10,Oct,2023-10
281,2024-10-04,CUST4610,North,Refrigerator,Home Appliances,6,608.75,3652.5,2024,10,Oct,2024-10
9734,2022-12-18,CUST2208,South,Rice,Groceries,7,11.75,82.25,2022,12,Dec,2022-12
12353,2022-04-21,CUST1387,East,Headphones,Electronics,2,1115.92,2231.84,2022,4,Apr,2022-04
2100,2022-02-01,CUST8351,West,Vegetables,Groceries,2,8.61,17.22,2022,2,Feb,2022-02
3612,2022-09-03,CUST7257,East,Tablet,Electronics,1,1316.86,1316.86,2022,9,Sep,2022-09
11391,2023-12-28,CUST3516,East,Jeans,Clothing,2,48.09,96.18,2023,12,Dec,2023-12
11777,2024-05-13,CUST5276,North,Gym Equipment,Sports,1,206.78,206.78,2024,5,May,2024-05
2302,2023-12-26,CUST8413,West,Jeans,Clothing,5,95.98,479.90000000000003,2023,12,Dec,2023-12
3116,2023-05-30,CUST9412,West,Dress,Clothing,1,138.53,138.53,2023,5,May,2023-05
11375,2023-12-05,CUST2620,East,Cricket Bat,Sports,1,257.81,257.81,2023,12,Dec,2023-12
4337,2024-05-11,CUST3344,North,T-Shirt,Clothing,4,97.41,389.64,2024,5,May,2024-05
9086,2022-11-27,CUST5612,North,Eggs,Groceries,2,9.71,19.42,2022,11,Nov,2022-11
1227,2022-11-13,CUST4391,East,Blender,Home Appliances,2,470.01,940.02,2022,11,Nov,2022-11
1723,2022-04-24,CUST2546,North,Jeans,Clothing,4,79.46,317.84,2022,4,Apr,2022-04
5788,2022-06-08,CUST2610,West,Camera,Electronics,7,186.0,1302.0,2022,6,Jun,2022-06
8285,2024-11-25,CUST7017,South,Headphones,Electronics,2,1003.26,2006.52,2024,11,Nov,2024-11
3078,2022-09-03,CUST3661,East,Smartphone,Electronics,5,217.79,1088.95,2022,9,Sep,2022-09
11074,2022-04-27,CUST9359,West,Washing Machine,Home Appliances,6,326.95,1961.6999999999998,2022,4,Apr,2022-04
9482,2022-06-01,CUST2682,North,Jeans,Clothing,1,139.84,139.84,2022,6,Jun,2022-06
9515,2023-05-24,CUST3636,West,Laptop,Electronics,1,687.46,687.46,2023,5,May,2023-05
1870,2022-04-09,CUST7337,South,Headphones,Electronics,3,948.54,2845.62,2022,4,Apr,2022-04
103,2024-02-10,CUST5363,East,Jeans,Clothing,2,76.67,153.34,2024,2,Feb,2024-02
1731,2024-11-16,CUST9097,North,Camera,Electronics,5,1369.6,6848.0,2024,11,Nov,2024-11
8745,2022-07-04,CUST4872,East,Tablet,Electronics,6,1260.8,7564.799999999999,2022,7,Jul,2022-07
5099,2022-03-13,CUST9324,North,Camera,Electronics,2,1055.45,2110.9,2022,3,Mar,2022-03
7773,2024-04-10,CUST9629,North,Milk,Groceries,2,10.77,21.54,2024,4,Apr,2024-04
8823,2024-04-26,CUST9793,West,Blender,Home Appliances,4,624.61,2498.44,2024,4,Apr,2024-04
6713,2022-03-05,CUST7683,North,Headphones,Electronics,2,1365.9,2731.8,2022,3,Mar,2022-03
4890,2024-03-26,CUST9532,West,Air Conditioner,Home Appliances,2,907.48,1814.96,2024,3,Mar,2024-03
3036,2023-12-13,CUST5272,East,Basketball,Sports,5,182.04,910.1999999999999,2023,12,Dec,2023-12
10695,2024-01-02,CUST9778,North,T-Shirt,Clothing,6,102.93,617.58,2024,1,Jan,2024-01
13793,2022-07-30,CUST9380,West,Basketball,Sports,4,151.15,604.6,2022,7,Jul,2022-07
13863,2023-01-31,CUST8249,North,Jacket,Clothing,6,51.32,307.92,2023,1,Jan,2023-01
456,2024-06-24,CUST1276,South,Dress,Clothing,6,111.18,667.08,2024,6,Jun,2024-06
9141,2023-02-08,CUST9994,East,Vegetables,Groceries,5,17.91,89.55,2023,2,Feb,2023-02
